ID,average_windspeed,Year,Category
AL011851,61.0,1851,Category 1
AL011852,73.0,1852,TS
AL011853,50.0,1853,TS
AL011854,58.0,1854,TS
AL011855,90.0,1855,Category 1
AL011856,86.0,1856,HU
AL011857,50.0,1857,TS
AL011858,70.0,1858,HU
AL011859,90.0,1859,Category 1
AL011860,65.0,1860,TS
AL011861,66.0,1861,TS
AL011862,50.0,1862,TS
AL011863,78.0,1863,Category 1
AL011864,67.0,1864,HU
AL011865,50.0,1865,TS
AL011866,86.0,1866,Category 1
AL011867,55.0,1867,TS
AL011868,78.0,1868,HU
AL011869,90.0,1869,Category 1
AL011870,70.0,1870,HU
AL011871,44.0,1871,TS
AL011872,43.0,1872,TS
AL011873,39.0,1873,TS
AL011874,45.0,1874,TS
AL011875,70.0,1875,HU
AL011876,72.0,1876,Category 1
AL011877,53.0,1877,TS
AL011878,39.0,1878,TS
AL011879,58.0,1879,TS
AL011880,39.0,1880,TS
AL011881,41.0,1881,TS
AL011882,70.0,1882,HU
AL011883,62.0,1883,TS
AL011884,58.0,1884,HU
AL011885,62.0,1885,TS
AL011886,55.0,1886,TS
AL011887,45.0,1887,TS
AL011888,46.0,1888,TS
AL011889,51.0,1889,TS
AL011890,39.0,1890,TD
AL011891,58.0,1891,TS
AL011892,41.0,1892,TS
AL011893,58.0,1893,TS
AL011894,35.0,1894,TS
AL011895,41.0,1895,TS
AL011896,47.0,1896,TS
AL011897,74.0,1897,TS
AL011898,44.0,1898,TS
AL011899,33.0,1899,TS
AL011900,54.0,1900,TS
AL011901,30.0,1901,TD
AL011902,40.0,1902,TD
AL011903,50.0,1903,TS
AL011904,42.0,1904,TD
AL011905,39.0,1905,TS
AL011906,40.0,1906,TS
AL011907,42.0,1907,TS
AL011908,63.0,1908,TS
AL011909,37.0,1909,TD
AL011910,34.0,1910,TS
AL011911,32.0,1911,TD
AL011912,47.0,1912,TS
AL011913,44.0,1913,TD
AL011914,40.0,1914,TD
AL011915,45.0,1915,TS
AL011916,37.0,1916,TD
AL011917,32.0,1917,TD
AL011918,54.0,1918,TS
AL011919,39.0,1919,TD
AL011920,65.0,1920,TS
AL011921,45.0,1921,TD
AL011922,31.0,1922,TD
AL011923,33.0,1923,TD
AL011924,36.0,1924,TS
AL011925,50.0,1925,TD
AL011926,63.0,1926,TS
AL011927,77.0,1927,TS
AL011928,48.0,1928,TS
AL011929,55.0,1929,TS
AL011930,71.0,1930,TS
AL011931,38.0,1931,TD
AL011932,44.0,1932,TD
AL011933,38.0,1933,TS
AL011934,53.0,1934,TD
AL011935,37.0,1935,TD
AL011936,39.0,1936,TD
AL011937,44.0,1937,TD
AL011938,52.0,1938,EX
AL011939,41.0,1939,TD
AL011940,40.0,1940,TS
AL011941,35.0,1941,TD
AL011942,35.0,1942,TD
AL011943,53.0,1943,TS
AL011944,54.0,1944,TD
AL011945,48.0,1945,TS
AL011946,31.0,1946,TD
AL011947,36.0,1947,TD
AL011948,35.0,1948,TD
AL011949,67.0,1949,TS
AL011950,68.0,1950,TS
AL011951,49.0,1951,EX
AL011952,48.0,1952,LO
AL011953,40.0,1953,TD
AL011954,38.0,1954,TD
AL011955,41.0,1955,TD
AL011956,34.0,1956,TD
AL011957,44.0,1957,TS
AL011958,40.0,1958,TD
AL011959,35.0,1959,TD
AL011960,29.0,1960,TD
AL011961,82.0,1961,TS
AL011962,44.0,1962,TD
AL011963,50.0,1963,TD
AL011964,33.0,1964,TD
AL011965,30.0,1965,TD
AL011966,56.0,1966,TD
AL011967,-99.0,1967,TD
AL011968,37.0,1968,TD
AL011969,25.0,1969,TD
AL011970,31.0,1970,TD
AL011971,40.0,1971,TD
AL011972,36.0,1972,SD
AL011973,22.0,1973,TD
AL011974,23.0,1974,TD
AL011975,26.0,1975,TD
AL011976,36.0,1976,SD
AL011977,4.0,1977,TD
AL011978,34.0,1978,SD
AL011979,22.0,1979,TD
AL011980,16.0,1980,TD
AL011981,26.0,1981,TD
AL011982,36.0,1982,TD
AL011983,28.0,1983,TD
AL011984,16.0,1984,TD
AL011985,42.0,1985,TD
AL011986,39.0,1986,SD
AL011987,28.0,1987,TD
AL011988,28.0,1988,TD
AL011989,25.0,1989,TD
AL011990,25.0,1990,TD
AL011991,28.0,1991,LO
AL011992,33.0,1992,SD
AL011993,30.0,1993,TD
AL011994,27.0,1994,TD
AL011995,45.0,1995,TD
AL011996,35.0,1996,TD
AL011997,34.0,1997,LO
AL011998,35.0,1998,TD
AL011999,39.0,1999,TD
AL012000,25.0,2000,TD
AL012001,26.0,2001,TS
AL012002,41.0,2002,TD
AL012003,38.0,2003,EX
AL012004,63.0,2004,TD
AL012005,36.0,2005,TD
AL012006,40.0,2006,TD
AL012007,38.0,2007,EX
AL012008,34.0,2008,TS
AL012009,26.0,2009,LO
AL012010,52.0,2010,LO
AL012011,42.0,2011,LO
AL012012,34.0,2012,LO
AL012013,43.0,2013,TS
AL012014,46.0,2014,LO
AL012015,36.0,2015,LO
AL021851,80.0,1851,Category 1
AL021852,58.0,1852,HU
AL021853,40.0,1853,TS
AL021854,60.0,1854,TS
AL021855,90.0,1855,Category 1
AL021856,70.0,1856,HU
AL021857,68.0,1857,TS
AL021858,70.0,1858,HU
AL021859,90.0,1859,Category 1
AL021860,75.0,1860,TS
AL021861,65.0,1861,TS
AL021862,88.0,1862,Category 1
AL021863,82.0,1863,Category 1
AL021864,60.0,1864,TS
AL021865,50.0,1865,TS
AL021866,79.0,1866,Category 1
AL021867,76.0,1867,HU
AL021868,55.0,1868,TS
AL021869,81.0,1869,Category 1
AL021870,74.0,1870,TS
AL021871,42.0,1871,TS
AL021872,68.0,1872,TS
AL021873,72.0,1873,TS
AL021874,63.0,1874,TS
AL021875,66.0,1875,TS
AL021876,62.0,1876,HU
AL021877,57.0,1877,TS
AL021878,53.0,1878,TS
AL021879,62.0,1879,TS
AL021880,72.0,1880,TS
AL021881,37.0,1881,TS
AL021882,70.0,1882,TS
AL021883,81.0,1883,HU
AL021884,75.0,1884,TS
AL021885,68.0,1885,TS
AL021886,55.0,1886,TS
AL021887,43.0,1887,TS
AL021888,42.0,1888,TS
AL021889,46.0,1889,TS
AL021890,44.0,1890,TS
AL021891,60.0,1891,TS
AL021892,52.0,1892,TS
AL021893,61.0,1893,TS
AL021894,40.0,1894,TS
AL021895,74.0,1895,TS
AL021896,83.0,1896,TS
AL021897,67.0,1897,TS
AL021898,55.0,1898,TS
AL021899,56.0,1899,HU
AL021900,68.0,1900,TS
AL021901,51.0,1901,TS
AL021902,39.0,1902,TD
AL021903,79.0,1903,TS
AL021904,58.0,1904,TS
AL021905,39.0,1905,TS
AL021906,59.0,1906,TS
AL021907,36.0,1907,TD
AL021908,46.0,1908,TD
AL021909,51.0,1909,TS
AL021910,32.0,1910,TD
AL021911,43.0,1911,TD
AL021912,35.0,1912,TS
AL021913,36.0,1913,TD
AL021915,65.0,1915,TD
AL021916,45.0,1916,TD
AL021917,42.0,1917,TS
AL021918,65.0,1918,TS
AL021919,81.0,1919,TD
AL021920,42.0,1920,TD
AL021921,40.0,1921,TD
AL021922,78.0,1922,TD
AL021923,57.0,1923,TD
AL021924,44.0,1924,TD
AL021925,33.0,1925,TD
AL021926,75.0,1926,TD
AL021927,53.0,1927,TD
AL021928,49.0,1928,TD
AL021929,69.0,1929,TD
AL021930,57.0,1930,TD
AL021931,37.0,1931,TD
AL021932,62.0,1932,TS
AL021933,72.0,1933,TD
AL021934,53.0,1934,TD
AL021935,74.0,1935,TD
AL021936,40.0,1936,TD
AL021937,40.0,1937,TD
AL021938,49.0,1938,TS
AL021939,39.0,1939,TD
AL021940,51.0,1940,TD
AL021941,59.0,1941,TD
AL021942,48.0,1942,TD
AL021943,44.0,1943,TS
AL021944,46.0,1944,TS
AL021945,33.0,1945,TD
AL021946,51.0,1946,EX
AL021947,50.0,1947,TD
AL021948,28.0,1948,TD
AL021949,62.0,1949,TS
AL021950,51.0,1950,TD
AL021951,65.0,1951,TD
AL021952,40.0,1952,TD
AL021953,38.0,1953,TD
AL021954,41.0,1954,TD
AL021955,77.0,1955,TD
AL021956,50.0,1956,TD
AL021957,64.0,1957,TD
AL021958,42.0,1958,TD
AL021959,45.0,1959,TS
AL021960,48.0,1960,TS
AL021961,87.0,1961,TS
AL021962,27.0,1962,TD
AL021963,71.0,1963,TD
AL021964,36.0,1964,TD
AL021965,56.0,1965,TS
AL021966,46.0,1966,TD
AL021967,-99.0,1967,TD
AL021968,44.0,1968,TD
AL021969,25.0,1969,TD
AL021970,36.0,1970,TD
AL021971,-1.0,1971,TD
AL021972,45.0,1972,TD
AL021973,23.0,1973,TD
AL021974,43.0,1974,SD
AL021975,46.0,1975,TD
AL021976,27.0,1976,TD
AL021977,5.0,1977,TD
AL021978,3.0,1978,TD
AL021979,30.0,1979,TD
AL021980,20.0,1980,TD
AL021981,22.0,1981,TD
AL021982,53.0,1982,SD
AL021983,27.0,1983,TD
AL021984,10.0,1984,TD
AL021985,40.0,1985,TD
AL021986,39.0,1986,TD
AL021987,39.0,1987,LO
AL021988,34.0,1988,TD
AL021989,29.0,1989,TD
AL021990,36.0,1990,TD
AL021991,26.0,1991,TD
AL021992,29.0,1992,TD
AL021993,30.0,1993,TD
AL021994,24.0,1994,TD
AL021995,41.0,1995,TD
AL021996,61.0,1996,TD
AL021997,32.0,1997,TD
AL021998,69.0,1998,TD
AL021999,29.0,1999,TD
AL022000,29.0,2000,TD
AL022001,25.0,2001,TD
AL022002,23.0,2002,TD
AL022003,30.0,2003,TD
AL022004,31.0,2004,TD
AL022005,31.0,2005,TD
AL022006,32.0,2006,EX
AL022007,34.0,2007,LO
AL022008,62.0,2008,TD
AL022009,29.0,2009,LO
AL022010,25.0,2010,LO
AL022011,36.0,2011,LO
AL022012,39.0,2012,LO
AL022013,30.0,2013,LO
AL022014,26.0,2014,LO
AL022015,27.0,2015,TS
AL031851,50.0,1851,TS
AL031852,67.0,1852,HU
AL031853,93.0,1853,TS
AL031854,83.0,1854,Category 3
AL031855,70.0,1855,HU
AL031856,50.0,1856,TS
AL031857,70.0,1857,HU
AL031858,67.0,1858,TS
AL031859,70.0,1859,HU
AL031860,70.0,1860,HU
AL031861,83.0,1861,Category 1
AL031862,82.0,1862,TS
AL031863,81.0,1863,HU
AL031864,68.0,1864,HU
AL031865,55.0,1865,TS
AL031866,69.0,1866,HU
AL031867,90.0,1867,Category 1
AL031868,90.0,1868,Category 1
AL031869,70.0,1869,HU
AL031870,51.0,1870,TS
AL031871,71.0,1871,Category 1
AL031872,65.0,1872,TS
AL031873,67.0,1873,HU
AL031874,62.0,1874,TS
AL031875,78.0,1875,HU
AL031876,50.0,1876,TS
AL031877,69.0,1877,HU
AL031878,72.0,1878,Category 1
AL031879,63.0,1879,TS
AL031880,53.0,1880,TS
AL031881,72.0,1881,Category 1
AL031882,40.0,1882,TD
AL031883,84.0,1883,Category 3
AL031884,58.0,1884,TS
AL031885,45.0,1885,TS
AL031886,63.0,1886,TS
AL031887,33.0,1887,TD
AL031888,68.0,1888,TS
AL031889,56.0,1889,TS
AL031890,81.0,1890,Category 1
AL031891,81.0,1891,Category 1
AL031892,69.0,1892,TS
AL031893,73.0,1893,TS
AL031894,75.0,1894,TS
AL031895,46.0,1895,TS
AL031896,76.0,1896,TS
AL031897,49.0,1897,TS
AL031898,65.0,1898,HU
AL031899,72.0,1899,TS
AL031900,64.0,1900,TS
AL031901,49.0,1901,TD
AL031902,56.0,1902,TS
AL031903,56.0,1903,TS
AL031904,44.0,1904,TD
AL031905,40.0,1905,TS
AL031906,44.0,1906,TD
AL031907,37.0,1907,TS
AL031908,52.0,1908,TD
AL031909,32.0,1909,TD
AL031910,78.0,1910,TS
AL031911,56.0,1911,TS
AL031912,36.0,1912,TD
AL031913,47.0,1913,TD
AL031915,82.0,1915,TS
AL031916,60.0,1916,TD
AL031917,79.0,1917,TS
AL031918,49.0,1918,TS
AL031919,55.0,1919,TD
AL031920,43.0,1920,TD
AL031921,85.0,1921,TS
AL031922,52.0,1922,TD
AL031923,37.0,1923,TD
AL031924,66.0,1924,TD
AL031925,38.0,1925,TD
AL031926,61.0,1926,TD
AL031927,43.0,1927,TD
AL031928,41.0,1928,TD
AL031929,45.0,1929,TD
AL031930,45.0,1930,TD
AL031931,43.0,1931,TD
AL031932,47.0,1932,TD
AL031933,32.0,1933,TD
AL031934,47.0,1934,TD
AL031935,73.0,1935,TD
AL031936,53.0,1936,TS
AL031937,36.0,1937,TD
AL031938,63.0,1938,TS
AL031939,41.0,1939,TD
AL031940,52.0,1940,TS
AL031941,51.0,1941,TD
AL031942,60.0,1942,TD
AL031943,85.0,1943,TS
AL031944,48.0,1944,TS
AL031945,45.0,1945,TS
AL031946,34.0,1946,TS
AL031947,40.0,1947,TD
AL031948,68.0,1948,TS
AL031949,36.0,1949,TD
AL031950,62.0,1950,TS
AL031951,44.0,1951,TD
AL031952,38.0,1952,TS
AL031953,61.0,1953,TD
AL031954,55.0,1954,TS
AL031955,52.0,1955,TD
AL031956,74.0,1956,TS
AL031957,40.0,1957,TD
AL031958,71.0,1958,TD
AL031959,48.0,1959,TS
AL031960,34.0,1960,TD
AL031961,68.0,1961,TD
AL031962,33.0,1962,TD
AL031963,42.0,1963,TD
AL031964,31.0,1964,TD
AL031965,76.0,1965,TD
AL031966,35.0,1966,TD
AL031967,-99.0,1967,TD
AL031968,30.0,1968,TD
AL031969,25.0,1969,TD
AL031970,23.0,1970,TD
AL031971,-1.0,1971,TD
AL031972,23.0,1972,TD
AL031973,23.0,1973,TD
AL031974,12.0,1974,TD
AL031975,24.0,1975,TD
AL031976,25.0,1976,TD
AL031977,23.0,1977,TD
AL031978,26.0,1978,TD
AL031979,24.0,1979,TD
AL031980,26.0,1980,TD
AL031981,34.0,1981,TD
AL031982,41.0,1982,TD
AL031983,49.0,1983,TD
AL031984,27.0,1984,TD
AL031985,48.0,1985,SD
AL031986,25.0,1986,TD
AL031987,21.0,1987,TD
AL031988,29.0,1988,TD
AL031989,35.0,1989,TD
AL031990,47.0,1990,SD
AL031991,40.0,1991,TD
AL031992,27.0,1992,TD
AL031993,39.0,1993,TD
AL031994,26.0,1994,TD
AL031995,45.0,1995,TD
AL031996,49.0,1996,TD
AL031997,52.0,1997,TD
AL031998,32.0,1998,TD
AL031999,60.0,1999,TD
AL032000,63.0,2000,TD
AL032001,33.0,2001,TD
AL032002,38.0,2002,TD
AL032003,31.0,2003,LO
AL032004,68.0,2004,TD
AL032005,31.0,2005,TD
AL032006,41.0,2006,TD
AL032007,49.0,2007,TD
AL032008,45.0,2008,TD
AL032009,76.0,2009,TD
AL032010,30.0,2010,TD
AL032011,45.0,2011,TD
AL032012,41.0,2012,LO
AL032013,43.0,2013,TS
AL032014,42.0,2014,LO
AL032015,34.0,2015,LO
AL041851,65.0,1851,TS
AL041852,73.0,1852,TS
AL041853,98.0,1853,Category 2
AL041854,74.0,1854,Category 1
AL041855,54.0,1855,TS
AL041856,50.0,1856,TS
AL041857,65.0,1857,TS
AL041858,76.0,1858,Category 1
AL041859,81.0,1859,Category 1
AL041860,85.0,1860,Category 1
AL041861,70.0,1861,HU
AL041862,50.0,1862,TS
AL041863,88.0,1863,Category 1
AL041864,50.0,1864,TS
AL041865,86.0,1865,Category 1
AL041866,70.0,1866,HU
AL041867,65.0,1867,HU
AL041868,80.0,1868,HU
AL041869,55.0,1869,TS
AL041870,90.0,1870,HU
AL041871,64.0,1871,TS
AL041872,61.0,1872,TS
AL041873,45.0,1873,TS
AL041874,38.0,1874,TS
AL041875,46.0,1875,TS
AL041876,67.0,1876,TS
AL041877,73.0,1877,TS
AL041878,72.0,1878,TS
AL041879,76.0,1879,TS
AL041880,68.0,1880,TS
AL041881,54.0,1881,TS
AL041882,42.0,1882,TS
AL041883,53.0,1883,TS
AL041884,67.0,1884,TS
AL041885,52.0,1885,TS
AL041886,61.0,1886,TS
AL041887,72.0,1887,TS
AL041888,79.0,1888,TS
AL041889,77.0,1889,TS
AL041890,68.0,1890,Category 1
AL041891,66.0,1891,TS
AL041892,42.0,1892,TS
AL041893,72.0,1893,TS
AL041894,71.0,1894,TS
AL041895,34.0,1895,TS
AL041896,73.0,1896,TS
AL041897,37.0,1897,TS
AL041898,80.0,1898,TS
AL041899,65.0,1899,TS
AL041900,36.0,1900,TS
AL041901,42.0,1901,TD
AL041902,54.0,1902,TD
AL041903,62.0,1903,TS
AL041904,43.0,1904,TS
AL041905,60.0,1905,TD
AL041906,85.0,1906,TS
AL041907,44.0,1907,TS
AL041908,38.0,1908,TD
AL041909,52.0,1909,TD
AL041910,62.0,1910,TS
AL041911,49.0,1911,TD
AL041912,57.0,1912,TD
AL041913,55.0,1913,TS
AL041915,53.0,1915,TD
AL041916,64.0,1916,TS
AL041917,87.0,1917,TS
AL041918,46.0,1918,TS
AL041919,34.0,1919,TD
AL041920,36.0,1920,TD
AL041921,56.0,1921,TS
AL041922,49.0,1922,TD
AL041923,43.0,1923,TD
AL041924,74.0,1924,TS
AL041925,46.0,1925,TD
AL041926,79.0,1926,TD
AL041927,70.0,1927,TS
AL041928,82.0,1928,TD
AL041929,58.0,1929,TS
AL041931,30.0,1931,TD
AL041932,75.0,1932,TD
AL041933,39.0,1933,TD
AL041934,34.0,1934,TS
AL041935,34.0,1935,TD
AL041936,34.0,1936,TD
AL041937,67.0,1937,TS
AL041938,69.0,1938,TS
AL041939,37.0,1939,TS
AL041940,56.0,1940,TD
AL041941,62.0,1941,TD
AL041942,59.0,1942,HU
AL041943,87.0,1943,TS
AL041944,74.0,1944,TS
AL041945,46.0,1945,TS
AL041946,57.0,1946,TS
AL041947,72.0,1947,TD
AL041948,40.0,1948,TS
AL041949,79.0,1949,TD
AL041950,85.0,1950,Category 1
AL041951,66.0,1951,TD
AL041952,70.0,1952,TS
AL041953,74.0,1953,TD
AL041954,41.0,1954,TS
AL041955,47.0,1955,TD
AL041956,47.0,1956,TD
AL041957,76.0,1957,TD
AL041958,70.0,1958,TD
AL041959,40.0,1959,TD
AL041960,57.0,1960,TD
AL041961,77.0,1961,TS
AL041962,56.0,1962,TD
AL041963,43.0,1963,TS
AL041964,40.0,1964,TD
AL041965,58.0,1965,TD
AL041966,55.0,1966,TD
AL041967,-99.0,1967,TD
AL041968,25.0,1968,TD
AL041969,25.0,1969,TD
AL041970,54.0,1970,TD
AL041971,39.0,1971,TD
AL041972,12.0,1972,TD
AL041973,55.0,1973,TD
AL041974,20.0,1974,TD
AL041975,45.0,1975,TD
AL041976,23.0,1976,TD
AL041977,27.0,1977,TD
AL041978,34.0,1978,TD
AL041979,30.0,1979,TD
AL041980,97.0,1980,DB
AL041981,16.0,1981,TD
AL041982,27.0,1982,TD
AL041983,40.0,1983,TD
AL041984,26.0,1984,TD
AL041985,36.0,1985,TD
AL041986,9.0,1986,TD
AL041987,25.0,1987,TD
AL041988,31.0,1988,TD
AL041989,41.0,1989,TD
AL041990,36.0,1990,TD
AL041991,29.0,1991,TD
AL041992,74.0,1992,TD
AL041993,34.0,1993,TD
AL041994,49.0,1994,TD
AL041995,27.0,1995,TD
AL041996,42.0,1996,TD
AL041997,35.0,1997,EX
AL041998,66.0,1998,TD
AL041999,65.0,1999,TD
AL042000,28.0,2000,TD
AL042001,41.0,2001,TD
AL042002,39.0,2002,TD
AL042003,48.0,2003,WV
AL042004,47.0,2004,TD
AL042005,47.0,2005,TD
AL042006,33.0,2006,TD
AL042007,87.0,2007,TD
AL042008,46.0,2008,TS
AL042009,36.0,2009,TD
AL042010,37.0,2010,TD
AL042011,37.0,2011,TD
AL042012,41.0,2012,TS
AL042013,31.0,2013,LO
AL042014,57.0,2014,TD
AL042015,54.0,2015,LO
AL051851,50.0,1851,TS
AL051852,80.0,1852,Category 1
AL051853,50.0,1853,TS
AL051854,55.0,1854,TS
AL051855,85.0,1855,HU
AL051856,73.0,1856,HU
AL051858,70.0,1858,TS
AL051859,59.0,1859,HU
AL051860,54.0,1860,TS
AL051861,61.0,1861,HU
AL051862,66.0,1862,HU
AL051863,66.0,1863,TS
AL051864,62.0,1864,TS
AL051865,60.0,1865,TS
AL051866,75.0,1866,Category 1
AL051867,50.0,1867,TS
AL051869,64.0,1869,HU
AL051870,76.0,1870,Category 1
AL051871,90.0,1871,Category 1
AL051872,45.0,1872,TS
AL051873,68.0,1873,TS
AL051874,50.0,1874,TS
AL051875,79.0,1875,HU
AL051876,69.0,1876,TS
AL051877,43.0,1877,TS
AL051878,63.0,1878,TS
AL051879,43.0,1879,TS
AL051880,67.0,1880,TS
AL051881,67.0,1881,TS
AL051882,65.0,1882,TS
AL051885,64.0,1885,TS
AL051886,75.0,1886,TS
AL051887,43.0,1887,TS
AL051888,38.0,1888,TS
AL051889,56.0,1889,TS
AL051891,67.0,1891,TS
AL051892,73.0,1892,TS
AL051893,67.0,1893,TS
AL051894,73.0,1894,TS
AL051895,73.0,1895,TS
AL051896,56.0,1896,TS
AL051897,46.0,1897,TS
AL051898,45.0,1898,TS
AL051899,80.0,1899,TS
AL051900,41.0,1900,TD
AL051901,33.0,1901,TD
AL051902,44.0,1902,TD
AL051903,36.0,1903,TD
AL051904,37.0,1904,TS
AL051905,38.0,1905,TS
AL051906,55.0,1906,TS
AL051907,38.0,1907,TS
AL051908,39.0,1908,TS
AL051909,33.0,1909,TD
AL051910,66.0,1910,TD
AL051911,45.0,1911,TS
AL051912,51.0,1912,EX
AL051913,49.0,1913,EX
AL051915,41.0,1915,TD
AL051916,40.0,1916,TS
AL051918,65.0,1918,TS
AL051919,45.0,1919,EX
AL051920,42.0,1920,TD
AL051921,51.0,1921,TD
AL051922,34.0,1922,TD
AL051923,71.0,1923,TS
AL051924,50.0,1924,TS
AL051926,71.0,1926,TS
AL051927,37.0,1927,TD
AL051928,54.0,1928,TS
AL051929,53.0,1929,TD
AL051931,30.0,1931,TD
AL051932,48.0,1932,TS
AL051933,58.0,1933,TD
AL051934,52.0,1934,TS
AL051935,79.0,1935,TD
AL051936,55.0,1936,TD
AL051937,49.0,1937,TS
AL051938,30.0,1938,TD
AL051939,76.0,1939,TD
AL051940,54.0,1940,TD
AL051941,59.0,1941,TS
AL051942,40.0,1942,TS
AL051943,40.0,1943,TD
AL051944,39.0,1944,TD
AL051945,67.0,1945,TS
AL051946,58.0,1946,TD
AL051947,36.0,1947,TD
AL051948,40.0,1948,TD
AL051949,38.0,1949,TS
AL051950,59.0,1950,TS
AL051951,43.0,1951,TD
AL051952,36.0,1952,TS
AL051953,32.0,1953,TD
AL051954,38.0,1954,TD
AL051955,35.0,1955,TD
AL051956,41.0,1956,TD
AL051957,34.0,1957,TS
AL051958,54.0,1958,TD
AL051959,41.0,1959,TD
AL051960,86.0,1960,TD
AL051961,82.0,1961,TD
AL051962,64.0,1962,TD
AL051963,43.0,1963,TD
AL051964,70.0,1964,TD
AL051965,30.0,1965,TD
AL051966,38.0,1966,TD
AL051967,-99.0,1967,TD
AL051968,46.0,1968,TD
AL051969,26.0,1969,TD
AL051970,25.0,1970,TD
AL051971,15.0,1971,TD
AL051972,23.0,1972,TD
AL051973,24.0,1973,TD
AL051974,37.0,1974,SD
AL051975,7.0,1975,TD
AL051976,23.0,1976,TD
AL051977,72.0,1977,TD
AL051978,33.0,1978,TD
AL051979,27.0,1979,TD
AL051980,27.0,1980,TD
AL051981,8.0,1981,TD
AL051982,35.0,1982,SD
AL051983,46.0,1983,TD
AL051984,36.0,1984,SD
AL051985,65.0,1985,TD
AL051986,39.0,1986,SD
AL051987,34.0,1987,TD
AL051988,39.0,1988,TD
AL051989,63.0,1989,TD
AL051990,44.0,1990,TD
AL051991,29.0,1991,TD
AL051992,58.0,1992,TD
AL051993,59.0,1993,TD
AL051994,30.0,1994,TD
AL051995,51.0,1995,TS
AL051996,77.0,1996,TD
AL051997,40.0,1997,TD
AL051998,50.0,1998,TD
AL051999,53.0,1999,TD
AL052000,36.0,2000,TD
AL052001,38.0,2001,TS
AL052002,32.0,2002,TD
AL052003,33.0,2003,TD
AL052004,35.0,2004,TD
AL052005,81.0,2005,TD
AL052006,35.0,2006,TD
AL052007,27.0,2007,TD
AL052008,37.0,2008,TD
AL052009,42.0,2009,TS
AL052010,22.0,2010,LO
AL052011,35.0,2011,TS
AL052012,50.0,2012,TD
AL052013,32.0,2013,TD
AL052014,33.0,2014,LO
AL052015,41.0,2015,TS
AL061851,53.0,1851,TS
AL061853,65.0,1853,TS
AL061856,61.0,1856,TS
AL061858,71.0,1858,TS
AL061859,98.0,1859,Category 1
AL061860,68.0,1860,TS
AL061861,58.0,1861,TS
AL061862,56.0,1862,TS
AL061863,53.0,1863,TS
AL061865,70.0,1865,HU
AL061866,91.0,1866,Category 1
AL061867,77.0,1867,HU
AL061869,91.0,1869,Category 1
AL061870,79.0,1870,TS
AL061871,63.0,1871,HU
AL061874,54.0,1874,TS
AL061875,57.0,1875,TS
AL061877,50.0,1877,TS
AL061878,78.0,1878,HU
AL061879,46.0,1879,TS
AL061880,55.0,1880,TS
AL061881,69.0,1881,HU
AL061882,67.0,1882,TS
AL061885,46.0,1885,TS
AL061886,84.0,1886,TS
AL061887,71.0,1887,TS
AL061888,51.0,1888,TS
AL061889,61.0,1889,TS
AL061891,62.0,1891,TS
AL061892,45.0,1892,TS
AL061893,72.0,1893,TS
AL061894,86.0,1894,TS
AL061895,34.0,1895,TS
AL061896,73.0,1896,TS
AL061897,50.0,1897,TS
AL061898,47.0,1898,TS
AL061899,41.0,1899,TS
AL061900,34.0,1900,TS
AL061901,52.0,1901,TS
AL061903,69.0,1903,TS
AL061904,36.0,1904,TS
AL061906,58.0,1906,TD
AL061908,73.0,1908,TS
AL061909,80.0,1909,TS
AL061911,38.0,1911,TD
AL061912,57.0,1912,TS
AL061913,46.0,1913,TS
AL061915,89.0,1915,TS
AL061916,71.0,1916,TS
AL061918,36.0,1918,TS
AL061921,78.0,1921,TS
AL061923,45.0,1923,TS
AL061924,36.0,1924,TD
AL061926,31.0,1926,TD
AL061927,37.0,1927,TD
AL061928,63.0,1928,TS
AL061931,58.0,1931,TD
AL061932,44.0,1932,TS
AL061933,68.0,1933,TD
AL061934,37.0,1934,EX
AL061935,48.0,1935,TD
AL061936,34.0,1936,TD
AL061937,81.0,1937,TS
AL061938,79.0,1938,TD
AL061939,50.0,1939,TD
AL061940,34.0,1940,TD
AL061941,31.0,1941,TD
AL061942,39.0,1942,TS
AL061943,60.0,1943,TS
AL061944,40.0,1944,TD
AL061945,43.0,1945,TS
AL061946,44.0,1946,TS
AL061947,43.0,1947,TS
AL061948,65.0,1948,TS
AL061949,45.0,1949,TS
AL061950,80.0,1950,TS
AL061951,78.0,1951,TD
AL061952,68.0,1952,TD
AL061953,51.0,1953,TD
AL061954,71.0,1954,TD
AL061955,71.0,1955,TS
AL061956,36.0,1956,TD
AL061957,39.0,1957,TD
AL061958,44.0,1958,TD
AL061959,42.0,1959,TS
AL061960,49.0,1960,TD
AL061961,31.0,1961,TD
AL061963,53.0,1963,TD
AL061964,65.0,1964,TD
AL061965,51.0,1965,TD
AL061966,79.0,1966,TD
AL061967,-99.0,1967,TD
AL061968,25.0,1968,TD
AL061969,40.0,1969,TD
AL061970,7.0,1970,TD
AL061971,43.0,1971,TD
AL061972,23.0,1972,TD
AL061973,31.0,1973,SD
AL061974,41.0,1974,SS
AL061975,12.0,1975,TD
AL061976,32.0,1976,SD
AL061977,35.0,1977,SD
AL061978,48.0,1978,TD
AL061979,26.0,1979,TD
AL061980,59.0,1980,TD
AL061981,46.0,1981,SS
AL061982,75.0,1982,TD
AL061983,46.0,1983,SS
AL061984,30.0,1984,TD
AL061985,28.0,1985,TD
AL061986,27.0,1986,TD
AL061987,28.0,1987,TD
AL061988,37.0,1988,TD
AL061989,25.0,1989,TD
AL061990,30.0,1990,SD
AL061991,54.0,1991,TD
AL061992,61.0,1992,TD
AL061993,36.0,1993,TD
AL061994,46.0,1994,TD
AL061995,25.0,1995,TD
AL061996,53.0,1996,TD
AL061997,29.0,1997,TD
AL061998,34.0,1998,TD
AL061999,38.0,1999,TD
AL062000,27.0,2000,TD
AL062001,56.0,2001,TD
AL062002,24.0,2002,TD
AL062003,30.0,2003,TD
AL062004,77.0,2004,TD
AL062005,45.0,2005,TD
AL062006,40.0,2006,TD
AL062007,72.0,2007,TD
AL062008,39.0,2008,TD
AL062009,36.0,2009,TS
AL062010,64.0,2010,LO
AL062011,31.0,2011,LO
AL062012,33.0,2012,LO
AL062013,39.0,2013,TD
AL062014,54.0,2014,LO
AL062015,43.0,2015,TD
AL071853,50.0,1853,TS
AL071859,55.0,1859,TS
AL071860,77.0,1860,HU
AL071861,50.0,1861,TS
AL071863,47.0,1863,TS
AL071865,67.0,1865,TS
AL071866,53.0,1866,TS
AL071867,72.0,1867,Category 1
AL071869,80.0,1869,HU
AL071870,70.0,1870,HU
AL071871,55.0,1871,TS
AL071874,62.0,1874,TS
AL071877,43.0,1877,TS
AL071878,88.0,1878,TS
AL071879,54.0,1879,TS
AL071880,67.0,1880,Category 1
AL071881,50.0,1881,TS
AL071885,59.0,1885,TS
AL071886,72.0,1886,TS
AL071887,85.0,1887,TS
AL071888,64.0,1888,TS
AL071889,44.0,1889,TS
AL071891,42.0,1891,TS
AL071892,73.0,1892,TS
AL071893,73.0,1893,TS
AL071894,74.0,1894,TS
AL071896,43.0,1896,TS
AL071898,67.0,1898,TS
AL071899,40.0,1899,TS
AL071900,38.0,1900,TD
AL071901,70.0,1901,TD
AL071903,67.0,1903,TS
AL071906,53.0,1906,TS
AL071908,45.0,1908,TS
AL071909,33.0,1909,TD
AL071912,66.0,1912,TS
AL071916,51.0,1916,TS
AL071921,34.0,1921,TD
AL071923,48.0,1923,TS
AL071924,39.0,1924,TD
AL071926,91.0,1926,TS
AL071927,35.0,1927,TD
AL071931,57.0,1931,TS
AL071932,45.0,1932,TS
AL071933,32.0,1933,TD
AL071934,59.0,1934,TS
AL071935,58.0,1935,TS
AL071936,32.0,1936,TD
AL071937,38.0,1937,TS
AL071938,40.0,1938,TD
AL071940,60.0,1940,TS
AL071942,38.0,1942,TS
AL071943,43.0,1943,TS
AL071944,84.0,1944,TS
AL071945,30.0,1945,TD
AL071946,32.0,1946,TD
AL071947,32.0,1947,EX
AL071948,45.0,1948,EX
AL071949,34.0,1949,EX
AL071950,62.0,1950,TS
AL071951,75.0,1951,TD
AL071952,42.0,1952,TD
AL071953,76.0,1953,TS
AL071954,54.0,1954,TS
AL071955,41.0,1955,TD
AL071956,44.0,1956,TD
AL071957,48.0,1957,TD
AL071958,32.0,1958,TS
AL071959,46.0,1959,TD
AL071960,30.0,1960,TD
AL071961,66.0,1961,TD
AL071963,82.0,1963,TD
AL071964,69.0,1964,TD
AL071966,32.0,1966,TD
AL071967,-99.0,1967,TD
AL071968,27.0,1968,TD
AL071969,54.0,1969,TD
AL071970,27.0,1970,TD
AL071971,15.0,1971,TD
AL071972,12.0,1972,TD
AL071973,25.0,1973,TD
AL071974,36.0,1974,TD
AL071975,39.0,1975,TD
AL071976,68.0,1976,TD
AL071977,41.0,1977,TD
AL071978,18.0,1978,TD
AL071979,26.0,1979,TD
AL071980,47.0,1980,SD
AL071981,10.0,1981,TD
AL071982,27.0,1982,TD
AL071984,27.0,1984,TD
AL071985,28.0,1985,TD
AL071986,15.0,1986,TD
AL071987,35.0,1987,TD
AL071988,43.0,1988,TD
AL071989,59.0,1989,TD
AL071990,28.0,1990,TD
AL071991,36.0,1991,TD
AL071992,42.0,1992,TD
AL071993,56.0,1993,TD
AL071994,34.0,1994,TD
AL071995,65.0,1995,TD
AL071996,34.0,1996,TD
AL071997,63.0,1997,TD
AL071998,75.0,1998,TD
AL071999,29.0,1999,TD
AL072000,55.0,2000,TD
AL072001,54.0,2001,TD
AL072002,28.0,2002,TD
AL072003,22.0,2003,TD
AL072004,41.0,2004,TD
AL072005,31.0,2005,TD
AL072006,50.0,2006,TD
AL072007,38.0,2007,SS
AL072008,57.0,2008,TD
AL072009,43.0,2009,TD
AL072010,67.0,2010,LO
AL072011,38.0,2011,LO
AL072012,29.0,2012,TD
AL072013,31.0,2013,TD
AL072014,53.0,2014,LO
AL072015,36.0,2015,TD
AL081853,81.0,1853,HU
AL081859,62.0,1859,TS
AL081861,61.0,1861,TS
AL081863,48.0,1863,TS
AL081867,40.0,1867,TS
AL081869,60.0,1869,TS
AL081870,70.0,1870,HU
AL081871,69.0,1871,HU
AL081877,43.0,1877,TS
AL081878,58.0,1878,TS
AL081879,69.0,1879,TS
AL081880,88.0,1880,TS
AL081885,46.0,1885,TS
AL081886,60.0,1886,TS
AL081887,66.0,1887,TS
AL081888,44.0,1888,TS
AL081889,47.0,1889,TS
AL081891,41.0,1891,TD
AL081892,59.0,1892,TS
AL081893,55.0,1893,TS
AL081898,36.0,1898,TD
AL081899,34.0,1899,TD
AL081901,47.0,1901,TS
AL081903,48.0,1903,TS
AL081906,64.0,1906,TS
AL081908,66.0,1908,TS
AL081909,36.0,1909,TS
AL081916,56.0,1916,TS
AL081923,37.0,1923,TS
AL081924,43.0,1924,TD
AL081926,67.0,1926,TS
AL081927,42.0,1927,TD
AL081931,48.0,1931,TD
AL081932,37.0,1932,TD
AL081933,74.0,1933,TD
AL081934,34.0,1934,TS
AL081935,36.0,1935,TD
AL081936,56.0,1936,TS
AL081937,70.0,1937,HU
AL081938,30.0,1938,TD
AL081940,51.0,1940,TD
AL081942,49.0,1942,TD
AL081943,50.0,1943,TS
AL081944,57.0,1944,TS
AL081945,44.0,1945,TS
AL081947,48.0,1947,TS
AL081948,85.0,1948,TS
AL081949,42.0,1949,TS
AL081950,35.0,1950,TD
AL081951,42.0,1951,TD
AL081952,32.0,1952,TD
AL081953,35.0,1953,TD
AL081954,74.0,1954,TD
AL081955,60.0,1955,TD
AL081956,60.0,1956,TD
AL081957,42.0,1957,TD
AL081958,66.0,1958,TD
AL081959,55.0,1959,TD
AL081960,33.0,1960,TD
AL081961,37.0,1961,TD
AL081963,63.0,1963,TD
AL081964,32.0,1964,TD
AL081966,35.0,1966,TD
AL081967,-99.0,1967,TD
AL081968,38.0,1968,TD
AL081969,77.0,1969,TD
AL081970,36.0,1970,TD
AL081971,31.0,1971,TD
AL081972,23.0,1972,TD
AL081973,49.0,1973,TD
AL081974,13.0,1974,TD
AL081975,67.0,1975,SS
AL081976,30.0,1976,TD
AL081977,23.0,1977,TD
AL081978,4.0,1978,TD
AL081979,28.0,1979,TD
AL081980,26.0,1980,TD
AL081981,8.0,1981,TD
AL081982,42.0,1982,TD
AL081984,40.0,1984,SD
AL081985,46.0,1985,TD
AL081986,38.0,1986,TD
AL081987,19.0,1987,TD
AL081988,77.0,1988,TD
AL081989,43.0,1989,TD
AL081990,73.0,1990,TD
AL081991,37.0,1991,TD
AL081992,28.0,1992,TD
AL081993,39.0,1993,TD
AL081994,28.0,1994,TD
AL081995,42.0,1995,TD
AL081996,61.0,1996,TD
AL081997,33.0,1997,TD
AL081998,32.0,1998,TD
AL081999,74.0,1999,TD
AL082000,32.0,2000,TD
AL082001,50.0,2001,TD
AL082002,52.0,2002,SD
AL082003,47.0,2003,TS
AL082004,34.0,2004,TD
AL082005,42.0,2005,TD
AL082006,64.0,2006,TD
AL082007,30.0,2007,TD
AL082008,49.0,2008,TD
AL082009,27.0,2009,LO
AL082010,38.0,2010,LO
AL082011,37.0,2011,TD
AL082012,58.0,2012,TD
AL082013,28.0,2013,TD
AL082014,82.0,2014,LO
AL082015,37.0,2015,LO
AL091863,48.0,1863,TS
AL091867,69.0,1867,TS
AL091869,50.0,1869,TS
AL091870,78.0,1870,Category 1
AL091878,61.0,1878,TS
AL091880,60.0,1880,TS
AL091886,77.0,1886,TS
AL091887,74.0,1887,TS
AL091888,68.0,1888,TS
AL091889,41.0,1889,TD
AL091891,61.0,1891,TS
AL091892,42.0,1892,TS
AL091893,86.0,1893,TS
AL091898,51.0,1898,TS
AL091899,56.0,1899,TS
AL091901,39.0,1901,TS
AL091903,40.0,1903,TD
AL091906,39.0,1906,TS
AL091908,55.0,1908,TD
AL091909,67.0,1909,TD
AL091916,38.0,1916,TS
AL091923,36.0,1923,TS
AL091924,46.0,1924,TD
AL091926,33.0,1926,TD
AL091931,33.0,1931,TD
AL091932,62.0,1932,TS
AL091933,38.0,1933,TD
AL091934,40.0,1934,TD
AL091936,35.0,1936,TD
AL091937,43.0,1937,TD
AL091938,44.0,1938,TS
AL091940,51.0,1940,TS
AL091942,38.0,1942,TS
AL091943,73.0,1943,TS
AL091944,54.0,1944,TS
AL091945,71.0,1945,HU
AL091947,58.0,1947,TD
AL091948,62.0,1948,TD
AL091949,54.0,1949,TS
AL091950,62.0,1950,TS
AL091951,60.0,1951,TD
AL091952,49.0,1952,TD
AL091953,63.0,1953,TS
AL091954,36.0,1954,TD
AL091955,72.0,1955,TS
AL091956,34.0,1956,TS
AL091958,71.0,1958,TS
AL091959,81.0,1959,TD
AL091961,99.0,1961,TS
AL091963,31.0,1963,TD
AL091964,83.0,1964,TD
AL091966,76.0,1966,TD
AL091967,-99.0,1967,TD
AL091968,51.0,1968,SD
AL091969,74.0,1969,TD
AL091970,40.0,1970,TD
AL091971,33.0,1971,TD
AL091972,23.0,1972,TD
AL091973,41.0,1973,TD
AL091974,68.0,1974,TD
AL091975,28.0,1975,TD
AL091976,57.0,1976,TD
AL091977,-1.0,1977,TD
AL091978,28.0,1978,TD
AL091979,83.0,1979,TD
AL091980,35.0,1980,TD
AL091981,40.0,1981,SD
AL091984,11.0,1984,TD
AL091985,60.0,1985,TD
AL091986,73.0,1986,TD
AL091987,-8.0,1987,TD
AL091988,82.0,1988,TD
AL091989,24.0,1989,TD
AL091990,38.0,1990,TD
AL091991,37.0,1991,TD
AL091992,38.0,1992,TD
AL091993,42.0,1993,TD
AL091994,29.0,1994,TD
AL091995,73.0,1995,TD
AL091996,58.0,1996,TD
AL091997,35.0,1997,TD
AL091998,51.0,1998,TD
AL091999,89.0,1999,TD
AL092000,27.0,2000,TD
AL092001,29.0,2001,TD
AL092002,38.0,2002,TD
AL092003,30.0,2003,TD
AL092004,81.0,2004,TD
AL092005,48.0,2005,TD
AL092006,64.0,2006,TD
AL092007,44.0,2007,LO
AL092008,80.0,2008,TD
AL092009,41.0,2009,EX
AL092010,28.0,2010,LO
AL092011,70.0,2011,TS
AL092012,47.0,2012,LO
AL092013,44.0,2013,LO
AL092014,25.0,2014,LO
AL092015,24.0,2015,LO
AL101869,82.0,1869,Category 1
AL101870,90.0,1870,Category 1
AL101878,76.0,1878,TS
AL101880,71.0,1880,HU
AL101886,76.0,1886,TS
AL101887,58.0,1887,TS
AL101891,44.0,1891,TS
AL101893,71.0,1893,TS
AL101898,37.0,1898,TS
AL101899,40.0,1899,TS
AL101901,36.0,1901,TS
AL101903,58.0,1903,TS
AL101906,35.0,1906,TS
AL101908,35.0,1908,EX
AL101909,36.0,1909,TD
AL101916,50.0,1916,TD
AL101924,74.0,1924,TD
AL101926,73.0,1926,TD
AL101931,44.0,1931,TD
AL101932,38.0,1932,TS
AL101933,29.0,1933,TD
AL101934,66.0,1934,TS
AL101936,74.0,1936,TD
AL101937,35.0,1937,TS
AL101942,38.0,1942,TD
AL101943,35.0,1943,TD
AL101944,38.0,1944,TS
AL101945,48.0,1945,TS
AL101947,79.0,1947,TS
AL101948,55.0,1948,TS
AL101949,55.0,1949,TS
AL101950,70.0,1950,TS
AL101951,38.0,1951,TD
AL101952,65.0,1952,TD
AL101953,59.0,1953,TS
AL101954,45.0,1954,TD
AL101955,86.0,1955,TS
AL101956,34.0,1956,TS
AL101958,61.0,1958,TD
AL101959,32.0,1959,TD
AL101961,41.0,1961,TD
AL101964,74.0,1964,TD
AL101966,33.0,1966,TD
AL101967,-99.0,1967,TD
AL101968,25.0,1968,TD
AL101969,25.0,1969,TD
AL101970,22.0,1970,TD
AL101971,17.0,1971,TD
AL101972,55.0,1972,SD
AL101973,43.0,1973,TD
AL101974,66.0,1974,TD
AL101975,25.0,1975,TD
AL101976,67.0,1976,TD
AL101977,51.0,1977,TD
AL101978,80.0,1978,TD
AL101979,17.0,1979,TD
AL101980,51.0,1980,TD
AL101981,34.0,1981,TD
AL101984,67.0,1984,TS
AL101985,33.0,1985,TD
AL101986,53.0,1986,TD
AL101987,33.0,1987,TD
AL101988,30.0,1988,TD
AL101989,76.0,1989,TD
AL101990,58.0,1990,TD
AL101991,25.0,1991,TD
AL101992,51.0,1992,EX
AL101993,30.0,1993,TD
AL101994,28.0,1994,TD
AL101995,63.0,1995,TD
AL101996,44.0,1996,TD
AL101998,58.0,1998,TD
AL101999,43.0,1999,TD
AL102000,54.0,2000,SD
AL102001,60.0,2001,TD
AL102002,54.0,2002,TD
AL102003,87.0,2003,TD
AL102004,27.0,2004,TD
AL102005,25.0,2005,TD
AL102006,53.0,2006,TD
AL102007,26.0,2007,SD
AL102008,35.0,2008,TD
AL102009,28.0,2009,TD
AL102010,31.0,2010,LO
AL102011,29.0,2011,TD
AL102012,30.0,2012,LO
AL102013,48.0,2013,LO
AL102015,32.0,2015,LO
AL111870,62.0,1870,TS
AL111878,66.0,1878,TS
AL111880,50.0,1880,TS
AL111886,40.0,1886,TS
AL111887,44.0,1887,TS
AL111893,41.0,1893,TD
AL111898,47.0,1898,TS
AL111901,42.0,1901,TS
AL111906,43.0,1906,TD
AL111909,71.0,1909,TD
AL111916,77.0,1916,TS
AL111924,49.0,1924,TS
AL111926,33.0,1926,TD
AL111931,40.0,1931,TD
AL111932,39.0,1932,TD
AL111933,71.0,1933,TS
AL111934,37.0,1934,TD
AL111936,46.0,1936,TD
AL111937,56.0,1937,EX
AL111942,56.0,1942,TS
AL111944,38.0,1944,TS
AL111945,49.0,1945,TD
AL111949,44.0,1949,TD
AL111950,57.0,1950,TD
AL111951,57.0,1951,TS
AL111952,42.0,1952,EX
AL111953,43.0,1953,TD
AL111954,34.0,1954,TD
AL111955,35.0,1955,TD
AL111956,48.0,1956,TS
AL111958,40.0,1958,TD
AL111959,45.0,1959,TD
AL111961,54.0,1961,TS
AL111964,49.0,1964,TD
AL111966,52.0,1966,TD
AL111967,48.0,1967,TD
AL111968,26.0,1968,TD
AL111969,25.0,1969,TD
AL111970,24.0,1970,TD
AL111971,40.0,1971,TD
AL111972,42.0,1972,TD
AL111973,13.0,1973,TD
AL111974,28.0,1974,TD
AL111975,4.0,1975,TD
AL111976,61.0,1976,TD
AL111977,25.0,1977,TD
AL111978,25.0,1978,TD
AL111979,52.0,1979,TD
AL111980,29.0,1980,TD
AL111981,25.0,1981,TD
AL111984,36.0,1984,TD
AL111985,36.0,1985,TD
AL111987,26.0,1987,TD
AL111988,64.0,1988,TD
AL111989,80.0,1989,TD
AL111990,30.0,1990,TD
AL111991,57.0,1991,SD
AL111994,60.0,1994,SD
AL111995,26.0,1995,TD
AL111996,36.0,1996,TD
AL111998,53.0,1998,TD
AL111999,30.0,1999,TD
AL112000,38.0,2000,TD
AL112001,67.0,2001,TD
AL112002,35.0,2002,TD
AL112003,27.0,2003,TD
AL112004,59.0,2004,TD
AL112005,37.0,2005,TD
AL112007,34.0,2007,SD
AL112008,51.0,2008,TD
AL112009,52.0,2009,TD
AL112010,81.0,2010,TD
AL112011,35.0,2011,LO
AL112012,58.0,2012,TD
AL112013,35.0,2013,LO
AL112015,59.0,2015,LO
AL121878,52.0,1878,TS
AL121886,46.0,1886,TS
AL121887,52.0,1887,TS
AL121893,47.0,1893,TS
AL121901,41.0,1901,TD
AL121909,58.0,1909,TS
AL121916,45.0,1916,TS
AL121931,34.0,1931,TD
AL121932,41.0,1932,TD
AL121933,78.0,1933,TD
AL121934,36.0,1934,TD
AL121936,34.0,1936,TS
AL121944,51.0,1944,TS
AL121949,42.0,1949,TS
AL121950,46.0,1950,TS
AL121951,57.0,1951,EX
AL121953,56.0,1953,TD
AL121954,42.0,1954,TS
AL121955,50.0,1955,TS
AL121956,35.0,1956,TD
AL121958,47.0,1958,TD
AL121959,44.0,1959,TD
AL121964,29.0,1964,TD
AL121967,65.0,1967,TD
AL121968,34.0,1968,TD
AL121969,35.0,1969,TD
AL121970,51.0,1970,TD
AL121971,25.0,1971,TD
AL121972,23.0,1972,TD
AL121973,61.0,1973,TD
AL121974,38.0,1974,TD
AL121975,27.0,1975,TD
AL121976,23.0,1976,TD
AL121977,26.0,1977,TD
AL121978,26.0,1978,TD
AL121979,32.0,1979,TD
AL121980,76.0,1980,TD
AL121981,16.0,1981,TD
AL121984,41.0,1984,TD
AL121985,53.0,1985,TD
AL121987,60.0,1987,TD
AL121988,48.0,1988,TD
AL121989,38.0,1989,TD
AL121990,37.0,1990,TD
AL121991,51.0,1991,EX
AL121994,40.0,1994,TD
AL121995,37.0,1995,TD
AL121996,64.0,1996,TD
AL121998,50.0,1998,TD
AL121999,30.0,1999,TD
AL122000,35.0,2000,TD
AL122001,37.0,2001,TD
AL122002,42.0,2002,SD
AL122003,30.0,2003,TD
AL122004,77.0,2004,TD
AL122005,74.0,2005,TD
AL122007,44.0,2007,TD
AL122008,50.0,2008,EX
AL122010,53.0,2010,TD
AL122011,67.0,2011,LO
AL122012,54.0,2012,LO
AL122013,43.0,2013,TS
AL122015,53.0,2015,TD
AL131887,62.0,1887,TS
AL131901,49.0,1901,TD
AL131916,71.0,1916,TD
AL131931,42.0,1931,TS
AL131932,46.0,1932,TS
AL131933,52.0,1933,TD
AL131934,56.0,1934,TS
AL131936,66.0,1936,TD
AL131944,69.0,1944,TD
AL131949,54.0,1949,TD
AL131950,53.0,1950,TS
AL131953,37.0,1953,TS
AL131954,53.0,1954,TD
AL131955,54.0,1955,TD
AL131959,51.0,1959,TS
AL131967,77.0,1967,TD
AL131968,-99.0,1968,TD
AL131969,59.0,1969,TD
AL131970,33.0,1970,TD
AL131971,52.0,1971,TD
AL131972,43.0,1972,TD
AL131973,11.0,1973,TD
AL131974,38.0,1974,TD
AL131975,45.0,1975,TD
AL131976,23.0,1976,TD
AL131977,50.0,1977,TD
AL131978,47.0,1978,TD
AL131979,27.0,1979,TD
AL131980,44.0,1980,TD
AL131981,55.0,1981,SD
AL131984,34.0,1984,TD
AL131985,73.0,1985,TS
AL131987,44.0,1987,TD
AL131988,24.0,1988,TD
AL131989,28.0,1989,TD
AL131990,49.0,1990,TD
AL131995,87.0,1995,TD
AL131996,36.0,1996,LO
AL131998,63.0,1998,TD
AL131999,63.0,1999,LO
AL132000,75.0,2000,TD
AL132001,54.0,2001,EX
AL132002,56.0,2002,TD
AL132003,100.0,2003,TD
AL132004,48.0,2004,TD
AL132005,26.0,2005,TD
AL132007,39.0,2007,TD
AL132008,42.0,2008,TD
AL132010,58.0,2010,LO
AL132011,35.0,2011,TD
AL132012,60.0,2012,LO
AL132013,32.0,2013,TD
AL141887,61.0,1887,TS
AL141916,58.0,1916,TD
AL141932,91.0,1932,TD
AL141933,75.0,1933,TD
AL141936,35.0,1936,TD
AL141944,43.0,1944,TD
AL141949,41.0,1949,TS
AL141950,32.0,1950,TD
AL141953,43.0,1953,TS
AL141954,80.0,1954,TS
AL141959,40.0,1959,TD
AL141967,47.0,1967,TD
AL141968,56.0,1968,TD
AL141969,15.0,1969,TD
AL141970,24.0,1970,TD
AL141971,59.0,1971,TD
AL141972,48.0,1972,SD
AL141973,60.0,1973,SD
AL141974,52.0,1974,TD
AL141975,48.0,1975,TD
AL141976,26.0,1976,SD
AL141977,34.0,1977,TD
AL141978,14.0,1978,TD
AL141979,62.0,1979,TD
AL141980,61.0,1980,EX
AL141981,56.0,1981,TD
AL141984,43.0,1984,SD
AL141985,25.0,1985,TD
AL141987,26.0,1987,TD
AL141988,30.0,1988,TD
AL141989,48.0,1989,TD
AL141990,54.0,1990,SS
AL141995,28.0,1995,TD
AL141998,49.0,1998,TD
AL141999,57.0,1999,TD
AL142000,50.0,2000,TD
AL142001,32.0,2001,TD
AL142002,29.0,2002,TD
AL142003,26.0,2003,TD
AL142004,33.0,2004,TD
AL142005,60.0,2005,TD
AL142007,26.0,2007,TD
AL142008,29.0,2008,TD
AL142010,38.0,2010,LO
AL142011,49.0,2011,TD
AL142012,53.0,2012,TD
AL142013,45.0,2013,EX
AL151887,68.0,1887,HU
AL151916,46.0,1916,TD
AL151932,61.0,1932,TS
AL151933,56.0,1933,TS
AL151936,70.0,1936,TD
AL151949,38.0,1949,TS
AL151950,38.0,1950,TS
AL151954,31.0,1954,TD
AL151967,-99.0,1967,TD
AL151968,25.0,1968,TD
AL151969,27.0,1969,TD
AL151970,28.0,1970,TD
AL151971,14.0,1971,TD
AL151972,23.0,1972,TD
AL151973,23.0,1973,TD
AL151974,23.0,1974,TD
AL151975,66.0,1975,TD
AL151976,28.0,1976,TD
AL151977,5.0,1977,TD
AL151978,39.0,1978,SD
AL151979,34.0,1979,TD
AL151980,23.0,1980,TD
AL151981,50.0,1981,TD
AL151984,40.0,1984,TD
AL151988,25.0,1988,TD
AL151989,36.0,1989,TD
AL151990,31.0,1990,TD
AL151995,51.0,1995,TD
AL151999,27.0,1999,TD
AL152000,59.0,2000,TD
AL152001,69.0,2001,TD
AL152003,65.0,2003,TD
AL152004,41.0,2004,EX
AL152005,52.0,2005,TD
AL152007,31.0,2007,TD
AL152008,51.0,2008,TD
AL152010,37.0,2010,TD
AL152011,45.0,2011,LO
AL152012,37.0,2012,LO
AL152013,43.0,2013,EX
AL161887,55.0,1887,TS
AL161933,33.0,1933,TD
AL161936,32.0,1936,TS
AL161949,41.0,1949,TS
AL161950,46.0,1950,TS
AL161954,53.0,1954,TD
AL161967,-99.0,1967,TD
AL161969,50.0,1969,TD
AL161970,30.0,1970,TS
AL161971,25.0,1971,TD
AL161972,23.0,1972,TD
AL161973,44.0,1973,TD
AL161974,20.0,1974,TD
AL161975,17.0,1975,TD
AL161976,12.0,1976,TD
AL161978,62.0,1978,TD
AL161979,26.0,1979,TD
AL161980,45.0,1980,DB
AL161981,65.0,1981,TD
AL161984,59.0,1984,SD
AL161988,27.0,1988,TD
AL161990,50.0,1990,TD
AL161995,49.0,1995,TD
AL161999,64.0,1999,TD
AL162000,39.0,2000,SD
AL162001,54.0,2001,SS
AL162003,63.0,2003,TD
AL162004,33.0,2004,EX
AL162005,51.0,2005,TD
AL162007,45.0,2007,LO
AL162008,25.0,2008,TD
AL162010,37.0,2010,LO
AL162011,53.0,2011,LO
AL162012,35.0,2012,LO
AL171887,55.0,1887,TS
AL171933,75.0,1933,TS
AL171936,42.0,1936,EX
AL171967,-99.0,1967,TD
AL171969,45.0,1969,TD
AL171970,23.0,1970,TD
AL171971,40.0,1971,TD
AL171972,29.0,1972,TD
AL171973,6.0,1973,TD
AL171974,43.0,1974,TD
AL171975,24.0,1975,TD
AL171976,55.0,1976,TD
AL171978,28.0,1978,TD
AL171979,23.0,1979,TD
AL171980,27.0,1980,TD
AL171981,16.0,1981,TD
AL171984,16.0,1984,TD
AL171988,28.0,1988,TD
AL171995,55.0,1995,TD
AL172000,56.0,2000,SD
AL172001,48.0,2001,EX
AL172003,34.0,2003,LO
AL172005,46.0,2005,TD
AL172007,34.0,2007,LO
AL172008,44.0,2008,TD
AL172010,42.0,2010,SD
AL172011,49.0,2011,LO
AL172012,48.0,2012,TS
AL181887,54.0,1887,TS
AL181933,45.0,1933,TD
AL181967,33.0,1967,TD
AL181969,25.0,1969,TD
AL181970,53.0,1970,SD
AL181971,36.0,1971,TD
AL181972,24.0,1972,TD
AL181974,34.0,1974,TD
AL181975,18.0,1975,TD
AL181976,26.0,1976,TD
AL181978,13.0,1978,TD
AL181979,43.0,1979,SD
AL181980,65.0,1980,SS
AL181981,66.0,1981,TD
AL181984,60.0,1984,TD
AL181988,25.0,1988,TD
AL181995,41.0,1995,TD
AL182000,38.0,2000,TD
AL182003,33.0,2003,TS
AL182005,78.0,2005,TD
AL182010,58.0,2010,TD
AL182011,53.0,2011,LO
AL182012,62.0,2012,LO
AL191887,44.0,1887,TS
AL191933,54.0,1933,EX
AL191967,51.0,1967,TD
AL191969,25.0,1969,TD
AL191970,50.0,1970,SD
AL191971,39.0,1971,TD
AL191972,32.0,1972,SD
AL191974,23.0,1974,TD
AL191975,35.0,1975,SD
AL191976,23.0,1976,TD
AL191978,35.0,1978,SD
AL191979,20.0,1979,TD
AL191981,28.0,1981,TD
AL191984,28.0,1984,TD
AL191988,28.0,1988,TD
AL191995,55.0,1995,TD
AL192000,45.0,2000,EX
AL192003,35.0,2003,TD
AL192005,28.0,2005,TD
AL192010,44.0,2010,LO
AL192011,45.0,2011,EX
AL192012,34.0,2012,LO
AL201933,40.0,1933,TD
AL201967,-99.0,1967,TD
AL201969,54.0,1969,TD
AL201971,20.0,1971,TD
AL201974,23.0,1974,TD
AL201975,12.0,1975,TD
AL201976,25.0,1976,TD
AL201978,40.0,1978,TD
AL201979,26.0,1979,TD
AL201981,35.0,1981,TD
AL201984,57.0,1984,SS
AL201995,36.0,1995,TD
AL202003,45.0,2003,TD
AL202005,40.0,2005,TD
AL202010,51.0,2010,TD
AL202011,32.0,2011,LO
AL211967,33.0,1967,TD
AL211969,54.0,1969,SD
AL211971,33.0,1971,TD
AL211975,20.0,1975,TD
AL211976,42.0,1976,TD
AL211978,25.0,1978,TD
AL211981,45.0,1981,TD
AL211995,57.0,1995,TD
AL212003,39.0,2003,SS
AL212005,38.0,2005,LO
AL212010,52.0,2010,TD
AL221967,-99.0,1967,TD
AL221969,50.0,1969,SD
AL221971,48.0,1971,TD
AL221975,23.0,1975,TD
AL221978,23.0,1978,TD
AL221981,55.0,1981,SS
AL222005,33.0,2005,TS
AL231967,-99.0,1967,TD
AL231969,42.0,1969,SD
AL231975,40.0,1975,SS
AL231978,45.0,1978,TD
AL232005,32.0,2005,SD
AL241967,-99.0,1967,TD
AL241969,27.0,1969,TD
AL241978,23.0,1978,TD
AL242005,44.0,2005,SS
AL251967,59.0,1967,TD
AL251969,52.0,1969,TD
AL252005,89.0,2005,TD
AL261967,-99.0,1967,TD
AL261969,44.0,1969,TD
AL262005,35.0,2005,TD
AL271969,49.0,1969,SD
AL272005,57.0,2005,TD
AL281969,56.0,1969,EX
AL282005,31.0,2005,TD
AL291969,56.0,1969,TS
AL292005,45.0,2005,EX
AL302005,55.0,2005,TS
AL312005,42.0,2005,TD
CP011950,53.0,1950,TD
CP011957,73.0,1957,TD
CP011958,27.0,1958,TS
CP011959,98.0,1959,TS
CP011963,33.0,1963,TD
CP011967,80.0,1967,TS
CP011970,48.0,1970,TD
CP011972,33.0,1972,TD
CP011974,29.0,1974,TD
CP011975,41.0,1975,TD
CP011976,55.0,1976,TD
CP011978,66.0,1978,TS
CP011982,36.0,1982,TD
CP011984,63.0,1984,TD
CP011985,65.0,1985,TD
CP011987,40.0,1987,TD
CP011988,77.0,1988,TD
CP011990,40.0,1990,TD
CP011992,46.0,1992,TD
CP011993,64.0,1993,TD
CP011994,28.0,1994,TD
CP011996,29.0,1996,TD
CP011997,25.0,1997,TD
CP011998,27.0,1998,TD
CP012000,32.0,2000,TD
CP012001,26.0,2001,TD
CP012002,34.0,2002,TS
CP012003,26.0,2003,TD
CP012004,22.0,2004,TD
CP012005,23.0,2005,DB
CP012006,93.0,2006,DB
CP012008,27.0,2008,DB
CP012009,28.0,2009,DB
CP012010,34.0,2010,EX
CP012013,38.0,2013,DB
CP012014,32.0,2014,LO
CP021957,40.0,1957,TS
CP021959,96.0,1959,Category 1
CP021972,58.0,1972,TD
CP021982,36.0,1982,TD
CP021984,42.0,1984,TS
CP021987,74.0,1987,TD
CP021988,26.0,1988,TD
CP021992,32.0,1992,TD
CP021994,32.0,1994,TD
CP021997,63.0,1997,TD
CP022000,41.0,2000,TS
CP022001,29.0,2001,TD
CP022002,52.0,2002,TD
CP022006,23.0,2006,DB
CP022009,23.0,2009,DB
CP022013,27.0,2013,DB
CP022014,52.0,2014,LO
CP031957,68.0,1957,TS
CP031959,47.0,1959,TS
CP031982,34.0,1982,TD
CP031992,29.0,1992,TD
CP031994,29.0,1994,TD
CP031997,25.0,1997,TD
CP032002,53.0,2002,TD
CP032006,20.0,2006,DB
CP032009,57.0,2009,TD
CP032013,25.0,2013,DB
CP041982,56.0,1982,TS
CP041997,26.0,1997,TD
CP042006,24.0,2006,DB
CP051997,75.0,1997,TD
EP011949,45.0,1949,TS
EP011950,75.0,1950,Category 1
EP011951,45.0,1951,TS
EP011952,45.0,1952,TS
EP011953,45.0,1953,TS
EP011954,45.0,1954,TS
EP011955,75.0,1955,Category 1
EP011956,75.0,1956,Category 1
EP011957,75.0,1957,Category 1
EP011958,69.0,1958,Category 1
EP011959,45.0,1959,TS
EP011960,45.0,1960,TS
EP011961,60.0,1961,Category 1
EP011962,75.0,1962,Category 1
EP011963,75.0,1963,Category 1
EP011964,40.0,1964,TS
EP011965,37.0,1965,TD
EP011966,46.0,1966,TD
EP011967,45.0,1967,TS
EP011968,42.0,1968,TS
EP011969,36.0,1969,TD
EP011970,55.0,1970,TS
EP011971,57.0,1971,TS
EP011972,48.0,1972,TS
EP011973,75.0,1973,TD
EP011974,40.0,1974,TS
EP011975,42.0,1975,TD
EP011976,64.0,1976,TD
EP011977,39.0,1977,TD
EP011978,41.0,1978,TS
EP011979,46.0,1979,TD
EP011980,55.0,1980,TD
EP011981,32.0,1981,TD
EP011982,36.0,1982,TD
EP011983,57.0,1983,TD
EP011984,41.0,1984,TD
EP011985,34.0,1985,TS
EP011986,37.0,1986,TD
EP011987,31.0,1987,TD
EP011988,38.0,1988,TD
EP011989,41.0,1989,TD
EP011990,43.0,1990,TD
EP011991,41.0,1991,TD
EP011992,42.0,1992,TD
EP011993,42.0,1993,TD
EP011994,32.0,1994,TD
EP011995,28.0,1995,TD
EP011996,31.0,1996,TD
EP011997,35.0,1997,TD
EP011998,36.0,1998,TD
EP011999,54.0,1999,TD
EP012000,58.0,2000,TD
EP012001,73.0,2001,TD
EP012002,54.0,2002,TD
EP012003,39.0,2003,TD
EP012004,30.0,2004,TD
EP012005,44.0,2005,TD
EP012006,32.0,2006,TD
EP012007,27.0,2007,TD
EP012008,40.0,2008,TD
EP012009,28.0,2009,LO
EP012010,32.0,2010,LO
EP012011,56.0,2011,LO
EP012012,32.0,2012,LO
EP012013,31.0,2013,LO
EP012014,71.0,2014,LO
EP012015,64.0,2015,TD
EP021949,45.0,1949,TS
EP021950,75.0,1950,Category 1
EP021951,75.0,1951,Category 1
EP021952,45.0,1952,TS
EP021953,45.0,1953,TS
EP021954,45.0,1954,TS
EP021955,45.0,1955,TS
EP021956,45.0,1956,TS
EP021957,57.0,1957,TS
EP021958,45.0,1958,TS
EP021959,45.0,1959,TS
EP021960,45.0,1960,TS
EP021961,45.0,1961,TS
EP021962,45.0,1962,TS
EP021963,75.0,1963,Category 1
EP021964,75.0,1964,Category 1
EP021965,36.0,1965,TD
EP021966,43.0,1966,TS
EP021967,39.0,1967,TS
EP021968,39.0,1968,TS
EP021969,45.0,1969,TD
EP021970,43.0,1970,TS
EP021971,42.0,1971,TD
EP021972,33.0,1972,TD
EP021973,39.0,1973,TS
EP021974,35.0,1974,TD
EP021975,39.0,1975,TD
EP021976,42.0,1976,TD
EP021977,30.0,1977,TD
EP021978,39.0,1978,TD
EP021979,37.0,1979,TD
EP021980,40.0,1980,TS
EP021981,53.0,1981,TD
EP021982,40.0,1982,TD
EP021983,62.0,1983,TD
EP021984,31.0,1984,TD
EP021985,73.0,1985,TD
EP021986,30.0,1986,TD
EP021987,34.0,1987,TD
EP021988,36.0,1988,TD
EP021989,43.0,1989,TD
EP021990,45.0,1990,TD
EP021991,37.0,1991,TD
EP021992,28.0,1992,TD
EP021993,39.0,1993,TD
EP021994,30.0,1994,TD
EP021995,61.0,1995,TD
EP021996,29.0,1996,TD
EP021997,35.0,1997,TD
EP021998,29.0,1998,TD
EP021999,70.0,1999,TD
EP022000,36.0,2000,TD
EP022001,31.0,2001,TD
EP022002,34.0,2002,TD
EP022003,31.0,2003,TD
EP022004,24.0,2004,TD
EP022005,28.0,2005,TD
EP022006,27.0,2006,TD
EP022007,38.0,2007,TD
EP022008,44.0,2008,TD
EP022009,50.0,2009,TD
EP022010,26.0,2010,TD
EP022011,49.0,2011,LO
EP022012,53.0,2012,LO
EP022013,43.0,2013,TD
EP022014,28.0,2014,LO
EP022015,68.0,2015,TD
EP031949,45.0,1949,TS
EP031950,75.0,1950,Category 1
EP031951,45.0,1951,TS
EP031952,45.0,1952,TS
EP031953,75.0,1953,Category 1
EP031954,75.0,1954,Category 1
EP031955,45.0,1955,TS
EP031956,51.0,1956,Category 1
EP031957,75.0,1957,Category 1
EP031958,75.0,1958,Category 1
EP031959,45.0,1959,TS
EP031960,71.0,1960,Category 1
EP031961,45.0,1961,TS
EP031962,45.0,1962,TS
EP031963,75.0,1963,Category 1
EP031964,45.0,1964,TS
EP031965,36.0,1965,TS
EP031966,52.0,1966,TS
EP031967,58.0,1967,TS
EP031968,39.0,1968,TD
EP031969,36.0,1969,TS
EP031970,40.0,1970,TD
EP031971,42.0,1971,TD
EP031972,71.0,1972,TS
EP031973,35.0,1973,TD
EP031974,45.0,1974,TD
EP031975,64.0,1975,TD
EP031976,33.0,1976,TD
EP031977,51.0,1977,TD
EP031978,68.0,1978,TD
EP031979,36.0,1979,TD
EP031980,51.0,1980,TD
EP031981,35.0,1981,TD
EP031982,37.0,1982,TD
EP031983,29.0,1983,TD
EP031984,58.0,1984,TD
EP031985,30.0,1985,TD
EP031986,45.0,1986,TD
EP031987,38.0,1987,TD
EP031988,41.0,1988,TD
EP031989,42.0,1989,TD
EP031990,37.0,1990,TD
EP031991,67.0,1991,TD
EP031992,32.0,1992,TD
EP031993,27.0,1993,TD
EP031994,56.0,1994,TD
EP031995,78.0,1995,TD
EP031996,54.0,1996,TD
EP031997,28.0,1997,TD
EP031998,68.0,1998,TD
EP031999,27.0,1999,TD
EP032000,75.0,2000,TD
EP032001,32.0,2001,TD
EP032002,29.0,2002,TD
EP032003,34.0,2003,TD
EP032004,28.0,2004,TD
EP032005,27.0,2005,TD
EP032006,52.0,2006,TD
EP032007,22.0,2007,TD
EP032008,30.0,2008,TD
EP032009,30.0,2009,TD
EP032010,34.0,2010,LO
EP032011,34.0,2011,LO
EP032012,52.0,2012,LO
EP032013,40.0,2013,TD
EP032014,49.0,2014,LO
EP032015,53.0,2015,LO
EP041949,75.0,1949,Category 1
EP041950,33.0,1950,TS
EP041951,45.0,1951,TS
EP041952,75.0,1952,Category 1
EP041953,75.0,1953,Category 1
EP041954,75.0,1954,Category 1
EP041955,45.0,1955,TS
EP041956,75.0,1956,Category 1
EP041957,41.0,1957,TS
EP041958,75.0,1958,Category 1
EP041959,45.0,1959,TS
EP041960,73.0,1960,Category 1
EP041961,45.0,1961,TS
EP041962,45.0,1962,TS
EP041963,44.0,1963,TS
EP041964,45.0,1964,TS
EP041965,45.0,1965,TS
EP041966,46.0,1966,TS
EP041967,35.0,1967,TD
EP041968,34.0,1968,TD
EP041969,45.0,1969,TS
EP041970,31.0,1970,TD
EP041971,64.0,1971,TD
EP041972,66.0,1972,TS
EP041973,70.0,1973,TS
EP041974,58.0,1974,TD
EP041975,64.0,1975,TD
EP041976,52.0,1976,TD
EP041977,45.0,1977,TD
EP041978,58.0,1978,TD
EP041979,59.0,1979,TD
EP041980,32.0,1980,TD
EP041981,56.0,1981,TD
EP041982,52.0,1982,TD
EP041983,38.0,1983,TD
EP041984,59.0,1984,TD
EP041985,52.0,1985,TD
EP041986,29.0,1986,TD
EP041987,36.0,1987,TD
EP041988,41.0,1988,TD
EP041989,28.0,1989,TD
EP041990,42.0,1990,TD
EP041991,45.0,1991,TD
EP041992,67.0,1992,TD
EP041993,58.0,1993,TD
EP041994,45.0,1994,TD
EP041995,43.0,1995,TD
EP041996,40.0,1996,TD
EP041997,34.0,1997,TD
EP041998,37.0,1998,TD
EP041999,29.0,1999,TD
EP042000,24.0,2000,TD
EP042001,32.0,2001,TD
EP042002,34.0,2002,TD
EP042003,27.0,2003,TD
EP042004,42.0,2004,TD
EP042005,31.0,2005,TD
EP042006,43.0,2006,TD
EP042007,27.0,2007,TD
EP042008,27.0,2008,TD
EP042009,55.0,2009,TD
EP042010,63.0,2010,LO
EP042011,60.0,2011,LO
EP042012,51.0,2012,TD
EP042013,37.0,2013,LO
EP042014,31.0,2014,TD
EP042015,30.0,2015,LO
EP051949,45.0,1949,TS
EP051950,75.0,1950,Category 1
EP051951,45.0,1951,TS
EP051952,67.0,1952,Category 1
EP051954,45.0,1954,TS
EP051955,45.0,1955,TS
EP051956,75.0,1956,Category 1
EP051957,75.0,1957,Category 1
EP051958,45.0,1958,TS
EP051959,45.0,1959,TS
EP051960,75.0,1960,Category 1
EP051961,45.0,1961,TS
EP051962,31.0,1962,TS
EP051963,32.0,1963,TS
EP051964,45.0,1964,TS
EP051965,37.0,1965,TD
EP051966,47.0,1966,TD
EP051967,30.0,1967,TD
EP051968,28.0,1968,TD
EP051969,44.0,1969,TS
EP051970,46.0,1970,TD
EP051971,38.0,1971,TD
EP051972,48.0,1972,TD
EP051973,62.0,1973,TD
EP051974,29.0,1974,TS
EP051975,32.0,1975,TD
EP051976,32.0,1976,TD
EP051977,31.0,1977,TD
EP051978,41.0,1978,TD
EP051979,65.0,1979,TD
EP051980,32.0,1980,TS
EP051981,33.0,1981,TD
EP051982,41.0,1982,TD
EP051983,38.0,1983,TD
EP051984,58.0,1984,TD
EP051985,27.0,1985,TD
EP051986,67.0,1986,TD
EP051987,49.0,1987,TD
EP051988,35.0,1988,TD
EP051989,27.0,1989,TD
EP051990,45.0,1990,TD
EP051991,27.0,1991,TD
EP051992,57.0,1992,TD
EP051993,64.0,1993,TD
EP051994,86.0,1994,TD
EP051995,37.0,1995,TD
EP051996,41.0,1996,TD
EP051997,28.0,1997,TD
EP051998,65.0,1998,TD
EP051999,32.0,1999,TD
EP052000,29.0,2000,TD
EP052001,50.0,2001,TD
EP052002,56.0,2002,TD
EP052003,34.0,2003,TD
EP052004,57.0,2004,TD
EP052005,35.0,2005,TD
EP052006,70.0,2006,TD
EP052007,26.0,2007,TD
EP052008,27.0,2008,TD
EP052009,29.0,2009,LO
EP052010,50.0,2010,LO
EP052011,56.0,2011,LO
EP052012,59.0,2012,LO
EP052013,48.0,2013,TD
EP052014,36.0,2014,TS
EP052015,52.0,2015,LO
EP061949,48.0,1949,TD
EP061950,75.0,1950,Category 1
EP061951,43.0,1951,TS
EP061952,45.0,1952,TS
EP061954,45.0,1954,TS
EP061955,75.0,1955,Category 1
EP061956,45.0,1956,TS
EP061957,45.0,1957,TS
EP061958,45.0,1958,TS
EP061959,45.0,1959,TS
EP061960,75.0,1960,Category 1
EP061961,45.0,1961,TS
EP061962,45.0,1962,TS
EP061963,45.0,1963,TS
EP061965,45.0,1965,TS
EP061966,50.0,1966,TD
EP061967,45.0,1967,TS
EP061968,44.0,1968,TD
EP061969,37.0,1969,TD
EP061970,39.0,1970,TD
EP061971,52.0,1971,TD
EP061972,57.0,1972,TS
EP061973,44.0,1973,TD
EP061974,47.0,1974,TD
EP061975,33.0,1975,TS
EP061976,31.0,1976,TD
EP061977,50.0,1977,TD
EP061978,85.0,1978,TD
EP061979,61.0,1979,TD
EP061980,31.0,1980,TD
EP061981,56.0,1981,TD
EP061982,44.0,1982,TD
EP061983,32.0,1983,TD
EP061984,64.0,1984,TD
EP061985,37.0,1985,TD
EP061986,42.0,1986,TD
EP061987,36.0,1987,TD
EP061988,54.0,1988,TD
EP061989,58.0,1989,TD
EP061990,29.0,1990,TD
EP061991,39.0,1991,TD
EP061992,67.0,1992,TD
EP061993,67.0,1993,TD
EP061994,29.0,1994,TD
EP061995,34.0,1995,TD
EP061996,28.0,1996,TD
EP061997,52.0,1997,TD
EP061998,55.0,1998,TD
EP061999,26.0,1999,TD
EP062000,62.0,2000,TD
EP062001,29.0,2001,TD
EP062002,63.0,2002,TD
EP062003,30.0,2003,TD
EP062004,25.0,2004,TD
EP062005,50.0,2005,TD
EP062006,34.0,2006,TD
EP062007,33.0,2007,TD
EP062008,51.0,2008,TD
EP062009,40.0,2009,TD
EP062010,25.0,2010,LO
EP062011,37.0,2011,LO
EP062012,48.0,2012,LO
EP062013,43.0,2013,TD
EP062014,30.0,2014,LO
EP062015,31.0,2015,TD
EP071951,45.0,1951,TS
EP071952,75.0,1952,Category 1
EP071954,45.0,1954,TS
EP071956,74.0,1956,Category 1
EP071957,45.0,1957,TS
EP071958,45.0,1958,TS
EP071959,45.0,1959,TS
EP071960,66.0,1960,Category 1
EP071961,45.0,1961,TS
EP071962,45.0,1962,TS
EP071963,75.0,1963,Category 1
EP071965,40.0,1965,TS
EP071966,45.0,1966,TS
EP071967,38.0,1967,TD
EP071968,29.0,1968,TD
EP071969,43.0,1969,TS
EP071970,35.0,1970,TD
EP071971,37.0,1971,TD
EP071972,62.0,1972,TD
EP071973,39.0,1973,TD
EP071974,40.0,1974,TD
EP071975,32.0,1975,TD
EP071976,36.0,1976,TD
EP071977,28.0,1977,TS
EP071978,62.0,1978,TD
EP071979,41.0,1979,TD
EP071980,38.0,1980,TD
EP071981,41.0,1981,TD
EP071982,57.0,1982,TD
EP071983,48.0,1983,TD
EP071984,60.0,1984,TD
EP071985,32.0,1985,TD
EP071986,31.0,1986,TD
EP071987,44.0,1987,TD
EP071988,28.0,1988,TD
EP071989,27.0,1989,TD
EP071990,46.0,1990,TD
EP071991,66.0,1991,TD
EP071992,74.0,1992,TD
EP071993,78.0,1993,TD
EP071994,70.0,1994,TD
EP071995,49.0,1995,TD
EP071996,72.0,1996,TS
EP071997,61.0,1997,TD
EP071998,32.0,1998,TD
EP071999,72.0,1999,TD
EP072000,40.0,2000,TD
EP072001,57.0,2001,TD
EP072002,28.0,2002,TD
EP072003,37.0,2003,TD
EP072004,35.0,2004,TD
EP072005,35.0,2005,TD
EP072006,31.0,2006,TD
EP072007,32.0,2007,TD
EP072008,53.0,2008,TD
EP072009,38.0,2009,TD
EP072010,35.0,2010,LO
EP072011,42.0,2011,TD
EP072012,39.0,2012,LO
EP072013,45.0,2013,LO
EP072014,47.0,2014,LO
EP072015,25.0,2015,LO
EP081951,75.0,1951,Category 1
EP081954,45.0,1954,TS
EP081956,45.0,1956,TS
EP081957,65.0,1957,Category 1
EP081958,76.0,1958,Category 1
EP081959,45.0,1959,TS
EP081961,45.0,1961,TS
EP081962,45.0,1962,TS
EP081965,32.0,1965,TD
EP081966,45.0,1966,TD
EP081967,45.0,1967,TS
EP081968,33.0,1968,TD
EP081969,34.0,1969,TS
EP081970,34.0,1970,TD
EP081971,59.0,1971,TS
EP081972,59.0,1972,TD
EP081973,36.0,1973,TD
EP081974,31.0,1974,TD
EP081975,39.0,1975,TD
EP081976,64.0,1976,TD
EP081977,51.0,1977,TD
EP081978,67.0,1978,TD
EP081979,31.0,1979,TD
EP081980,61.0,1980,TD
EP081981,45.0,1981,TD
EP081982,45.0,1982,TD
EP081983,69.0,1983,TD
EP081984,32.0,1984,TD
EP081985,30.0,1985,TD
EP081986,31.0,1986,TD
EP081987,67.0,1987,TD
EP081988,69.0,1988,TD
EP081989,30.0,1989,TD
EP081990,55.0,1990,TD
EP081991,46.0,1991,TD
EP081992,62.0,1992,TD
EP081993,72.0,1993,TD
EP081994,34.0,1994,TD
EP081995,44.0,1995,TD
EP081996,35.0,1996,TD
EP081997,66.0,1997,TD
EP081998,62.0,1998,TD
EP081999,59.0,1999,TD
EP082000,32.0,2000,TD
EP082001,55.0,2001,TD
EP082002,52.0,2002,TD
EP082003,31.0,2003,TD
EP082004,45.0,2004,TD
EP082005,52.0,2005,TD
EP082006,27.0,2006,TD
EP082007,32.0,2007,TD
EP082008,38.0,2008,TD
EP082009,72.0,2009,TD
EP082010,25.0,2010,TD
EP082011,26.0,2011,LO
EP082012,30.0,2012,TD
EP082013,51.0,2013,LO
EP082014,38.0,2014,LO
EP082015,28.0,2015,LO
EP091951,45.0,1951,TS
EP091954,75.0,1954,Category 1
EP091956,75.0,1956,Category 1
EP091957,75.0,1957,Category 1
EP091958,45.0,1958,TS
EP091959,72.0,1959,Category 1
EP091961,29.0,1961,TD
EP091962,70.0,1962,Category 1
EP091965,45.0,1965,TS
EP091966,32.0,1966,TD
EP091967,53.0,1967,TS
EP091968,38.0,1968,TD
EP091969,41.0,1969,TS
EP091970,36.0,1970,TD
EP091971,51.0,1971,TD
EP091972,34.0,1972,TD
EP091973,56.0,1973,TD
EP091974,50.0,1974,TD
EP091975,66.0,1975,TD
EP091976,59.0,1976,TD
EP091978,51.0,1978,TD
EP091979,62.0,1979,TD
EP091980,57.0,1980,TD
EP091981,32.0,1981,TD
EP091982,29.0,1982,TD
EP091983,52.0,1983,TD
EP091984,64.0,1984,TD
EP091985,74.0,1985,TD
EP091986,37.0,1986,TD
EP091987,47.0,1987,TD
EP091988,48.0,1988,TD
EP091989,29.0,1989,TD
EP091990,72.0,1990,TD
EP091991,38.0,1991,TD
EP091992,40.0,1992,TD
EP091993,57.0,1993,TD
EP091994,39.0,1994,TD
EP091995,51.0,1995,TD
EP091996,66.0,1996,TD
EP091997,55.0,1997,TD
EP091998,79.0,1998,TD
EP091999,28.0,1999,TD
EP092000,43.0,2000,TD
EP092001,41.0,2001,TD
EP092002,39.0,2002,TD
EP092003,53.0,2003,TD
EP092004,25.0,2004,TD
EP092005,26.0,2005,TD
EP092006,55.0,2006,TD
EP092007,80.0,2007,TD
EP092008,51.0,2008,TD
EP092009,28.0,2009,LO
EP092010,51.0,2010,TD
EP092011,71.0,2011,TD
EP092012,39.0,2012,LO
EP092013,28.0,2013,LO
EP092014,66.0,2014,LO
EP092015,50.0,2015,LO
EP101954,45.0,1954,TS
EP101956,75.0,1956,Category 1
EP101957,53.0,1957,TD
EP101958,64.0,1958,Category 1
EP101959,75.0,1959,Category 1
EP101961,75.0,1961,Category 1
EP101965,40.0,1965,TD
EP101966,28.0,1966,TD
EP101967,60.0,1967,TS
EP101968,40.0,1968,TD
EP101969,54.0,1969,TS
EP101970,34.0,1970,TD
EP101971,38.0,1971,TD
EP101972,61.0,1972,TD
EP101973,30.0,1973,TD
EP101974,54.0,1974,TD
EP101975,43.0,1975,TD
EP101976,30.0,1976,TD
EP101978,50.0,1978,TD
EP101979,40.0,1979,TD
EP101980,57.0,1980,TD
EP101981,51.0,1981,TD
EP101982,56.0,1982,TD
EP101983,33.0,1983,TD
EP101984,33.0,1984,TD
EP101985,55.0,1985,TD
EP101986,72.0,1986,TD
EP101987,51.0,1987,TD
EP101988,28.0,1988,TD
EP101989,44.0,1989,TD
EP101990,69.0,1990,TD
EP101991,28.0,1991,TD
EP101992,40.0,1992,TD
EP101993,42.0,1993,TD
EP101994,70.0,1994,TD
EP101995,53.0,1995,TD
EP101996,32.0,1996,TD
EP101997,35.0,1997,TD
EP101998,47.0,1998,TD
EP101999,35.0,1999,TD
EP102000,45.0,2000,TD
EP102001,34.0,2001,TD
EP102002,72.0,2002,TD
EP102003,49.0,2003,TD
EP102004,31.0,2004,TD
EP102005,64.0,2005,TD
EP102006,57.0,2006,TD
EP102007,31.0,2007,TD
EP102008,28.0,2008,TD
EP102009,51.0,2009,LO
EP102010,26.0,2010,TD
EP102011,65.0,2011,LO
EP102012,27.0,2012,TS
EP102013,38.0,2013,TS
EP102014,55.0,2014,LO
EP102015,64.0,2015,TD
EP111954,75.0,1954,Category 1
EP111956,45.0,1956,TS
EP111958,45.0,1958,TS
EP111959,45.0,1959,TS
EP111966,30.0,1966,TD
EP111967,58.0,1967,TS
EP111968,32.0,1968,TD
EP111970,35.0,1970,TD
EP111971,43.0,1971,TD
EP111972,34.0,1972,TS
EP111973,55.0,1973,TD
EP111974,49.0,1974,TD
EP111975,70.0,1975,TS
EP111976,45.0,1976,TD
EP111978,62.0,1978,TD
EP111980,64.0,1980,TD
EP111981,45.0,1981,TD
EP111982,53.0,1982,TD
EP111983,78.0,1983,TD
EP111984,39.0,1984,TD
EP111985,43.0,1985,TD
EP111986,31.0,1986,TD
EP111987,31.0,1987,TD
EP111988,44.0,1988,TD
EP111989,36.0,1989,TD
EP111990,24.0,1990,TD
EP111991,40.0,1991,TD
EP111992,41.0,1992,TD
EP111993,63.0,1993,TD
EP111994,42.0,1994,TD
EP111995,75.0,1995,TD
EP111996,46.0,1996,TD
EP111997,27.0,1997,TD
EP111998,32.0,1998,TD
EP111999,28.0,1999,TD
EP112000,45.0,2000,TD
EP112001,65.0,2001,TD
EP112002,27.0,2002,TD
EP112003,24.0,2003,TD
EP112004,46.0,2004,TD
EP112005,61.0,2005,TD
EP112006,72.0,2006,TD
EP112007,51.0,2007,TD
EP112008,33.0,2008,TD
EP112009,34.0,2009,LO
EP112010,28.0,2010,TD
EP112011,38.0,2011,LO
EP112012,35.0,2012,LO
EP112013,33.0,2013,LO
EP112014,44.0,2014,LO
EP112015,25.0,2015,TD
EP121958,42.0,1958,TS
EP121959,82.0,1959,TS
EP121966,36.0,1966,TD
EP121967,31.0,1967,TS
EP121968,51.0,1968,TD
EP121970,48.0,1970,TD
EP121971,40.0,1971,TD
EP121972,34.0,1972,TD
EP121973,54.0,1973,TD
EP121974,36.0,1974,TD
EP121975,53.0,1975,TD
EP121976,78.0,1976,TD
EP121978,36.0,1978,TD
EP121980,32.0,1980,TD
EP121981,38.0,1981,TD
EP121982,37.0,1982,TD
EP121983,64.0,1983,TD
EP121984,31.0,1984,TD
EP121985,32.0,1985,TD
EP121986,36.0,1986,TD
EP121987,48.0,1987,TD
EP121988,53.0,1988,TD
EP121989,66.0,1989,TD
EP121990,28.0,1990,TD
EP121991,79.0,1991,TD
EP121992,27.0,1992,TD
EP121993,67.0,1993,TD
EP121994,29.0,1994,TD
EP121996,27.0,1996,TD
EP121997,74.0,1997,TD
EP121998,29.0,1998,TD
EP121999,44.0,1999,TD
EP122000,45.0,2000,TD
EP122001,43.0,2001,TD
EP122002,39.0,2002,TD
EP122003,31.0,2003,TD
EP122004,36.0,2004,TD
EP122005,31.0,2005,TD
EP122006,36.0,2006,TD
EP122007,43.0,2007,TD
EP122008,30.0,2008,TD
EP122009,34.0,2009,TD
EP122010,32.0,2010,TD
EP122011,24.0,2011,LO
EP122012,47.0,2012,TD
EP122013,30.0,2013,LO
EP122014,37.0,2014,LO
EP122015,68.0,2015,LO
EP131966,31.0,1966,TD
EP131967,44.0,1967,TD
EP131968,31.0,1968,TD
EP131970,42.0,1970,TD
EP131971,52.0,1971,TD
EP131974,74.0,1974,TS
EP131975,33.0,1975,TD
EP131976,47.0,1976,TS
EP131978,39.0,1978,TD
EP131980,34.0,1980,TD
EP131981,33.0,1981,TD
EP131982,53.0,1982,TD
EP131983,61.0,1983,TD
EP131984,48.0,1984,TD
EP131985,46.0,1985,TD
EP131986,40.0,1986,TD
EP131987,78.0,1987,TD
EP131988,30.0,1988,TS
EP131989,36.0,1989,TD
EP131990,58.0,1990,TD
EP131991,82.0,1991,TD
EP131992,34.0,1992,TD
EP131993,71.0,1993,TD
EP131994,44.0,1994,TD
EP131997,37.0,1997,TD
EP131998,38.0,1998,TD
EP131999,42.0,1999,TD
EP132000,30.0,2000,TD
EP132001,37.0,2001,TD
EP132002,33.0,2002,TD
EP132003,45.0,2003,TD
EP132004,76.0,2004,TD
EP132005,45.0,2005,DB
EP132006,63.0,2006,TD
EP132007,22.0,2007,TD
EP132008,36.0,2008,TD
EP132009,72.0,2009,LO
EP132011,53.0,2011,LO
EP132012,44.0,2012,TD
EP132013,41.0,2013,TD
EP132014,59.0,2014,TD
EP132015,73.0,2015,LO
EP141967,43.0,1967,TD
EP141968,43.0,1968,TD
EP141970,39.0,1970,TD
EP141971,49.0,1971,TD
EP141974,41.0,1974,TD
EP141975,37.0,1975,TD
EP141976,35.0,1976,TD
EP141978,63.0,1978,TD
EP141980,32.0,1980,TS
EP141981,79.0,1981,TD
EP141982,54.0,1982,TD
EP141983,39.0,1983,TD
EP141984,56.0,1984,TD
EP141985,29.0,1985,TD
EP141986,50.0,1986,TD
EP141987,39.0,1987,TD
EP141988,29.0,1988,TD
EP141989,51.0,1989,TD
EP141990,51.0,1990,TD
EP141991,46.0,1991,TD
EP141992,45.0,1992,TD
EP141993,27.0,1993,TD
EP141994,61.0,1994,TD
EP141997,80.0,1997,TD
EP141998,68.0,1998,TD
EP141999,39.0,1999,TD
EP142000,53.0,2000,TD
EP142001,28.0,2001,TD
EP142002,83.0,2002,TD
EP142003,50.0,2003,TD
EP142004,27.0,2004,TD
EP142005,30.0,2005,TD
EP142006,29.0,2006,TD
EP142007,32.0,2007,TD
EP142008,30.0,2008,TD
EP142009,27.0,2009,LO
EP142012,32.0,2012,TS
EP142013,33.0,2013,TD
EP142014,53.0,2014,TS
EP142015,34.0,2015,TD
EP151967,55.0,1967,TS
EP151968,37.0,1968,TD
EP151970,42.0,1970,TD
EP151971,63.0,1971,TD
EP151974,46.0,1974,TD
EP151975,62.0,1975,TD
EP151978,50.0,1978,TD
EP151981,56.0,1981,TD
EP151982,67.0,1982,TD
EP151983,32.0,1983,TD
EP151984,88.0,1984,TD
EP151985,43.0,1985,TD
EP151986,50.0,1986,TD
EP151987,67.0,1987,TD
EP151988,25.0,1988,TD
EP151989,39.0,1989,TD
EP151990,43.0,1990,TD
EP151991,42.0,1991,TD
EP151992,37.0,1992,TD
EP151993,33.0,1993,TD
EP151994,31.0,1994,TD
EP151997,32.0,1997,TD
EP151998,55.0,1998,TD
EP152000,30.0,2000,TD
EP152001,35.0,2001,TD
EP152002,32.0,2002,TD
EP152003,45.0,2003,TD
EP152004,34.0,2004,TD
EP152005,45.0,2005,TD
EP152006,30.0,2006,TD
EP152007,34.0,2007,TD
EP152008,69.0,2008,TD
EP152009,38.0,2009,LO
EP152012,36.0,2012,TD
EP152013,40.0,2013,TD
EP152014,61.0,2014,LO
EP152015,45.0,2015,LO
EP161967,37.0,1967,TD
EP161968,44.0,1968,TD
EP161970,66.0,1970,TD
EP161971,65.0,1971,TD
EP161974,46.0,1974,TD
EP161975,37.0,1975,TD
EP161978,31.0,1978,TD
EP161982,43.0,1982,TD
EP161983,58.0,1983,TD
EP161984,57.0,1984,TD
EP161985,47.0,1985,TD
EP161986,46.0,1986,TD
EP161987,31.0,1987,TD
EP161988,23.0,1988,TD
EP161989,33.0,1989,TD
EP161990,72.0,1990,TD
EP161991,53.0,1991,TD
EP161992,37.0,1992,TD
EP161993,33.0,1993,TD
EP161994,31.0,1994,TD
EP161997,72.0,1997,TD
EP162000,31.0,2000,TD
EP162001,46.0,2001,TD
EP162002,28.0,2002,TD
EP162003,42.0,2003,TD
EP162004,29.0,2004,TD
EP162005,28.0,2005,TD
EP162006,29.0,2006,TD
EP162008,37.0,2008,TD
EP162009,28.0,2009,LO
EP162012,59.0,2012,TD
EP162013,29.0,2013,LO
EP162014,29.0,2014,LO
EP162015,30.0,2015,TD
EP171968,45.0,1968,TD
EP171970,40.0,1970,TD
EP171971,33.0,1971,TD
EP171974,42.0,1974,TS
EP171978,48.0,1978,TD
EP171982,32.0,1982,TD
EP171983,68.0,1983,TD
EP171984,52.0,1984,TD
EP171985,67.0,1985,TD
EP171986,79.0,1986,TD
EP171987,76.0,1987,TS
EP171988,26.0,1988,TD
EP171989,33.0,1989,TD
EP171990,45.0,1990,TD
EP171992,74.0,1992,TD
EP171993,28.0,1993,TD
EP171994,66.0,1994,TD
EP171997,31.0,1997,TD
EP172000,43.0,2000,TD
EP172001,48.0,2001,TD
EP172006,50.0,2006,TD
EP172008,25.0,2008,TD
EP172009,29.0,2009,LO
EP172012,36.0,2012,LO
EP172013,55.0,2013,LO
EP172014,37.0,2014,TS
EP172015,47.0,2015,LO
EP181968,42.0,1968,TS
EP181970,38.0,1970,TD
EP181971,27.0,1971,TD
EP181978,29.0,1978,TS
EP181982,70.0,1982,TD
EP181983,32.0,1983,TD
EP181984,32.0,1984,TD
EP181985,63.0,1985,TD
EP181987,30.0,1987,TD
EP181988,27.0,1988,TD
EP181989,55.0,1989,TD
EP181990,27.0,1990,TD
EP181992,64.0,1992,TD
EP181994,31.0,1994,TD
EP181997,69.0,1997,TD
EP182000,32.0,2000,TD
EP182006,24.0,2006,TD
EP182008,35.0,2008,TD
EP182009,32.0,2009,TD
EP182013,33.0,2013,TD
EP182014,42.0,2014,TD
EP182015,39.0,2015,LO
EP191968,43.0,1968,TS
EP191982,35.0,1982,TD
EP191983,72.0,1983,TD
EP191984,36.0,1984,TD
EP191985,63.0,1985,TD
EP191988,28.0,1988,TD
EP191989,37.0,1989,TD
EP191990,64.0,1990,TD
EP191992,49.0,1992,TD
EP191994,48.0,1994,TD
EP191997,48.0,1997,TD
EP192000,40.0,2000,TD
EP192006,30.0,2006,TD
EP192009,35.0,2009,TD
EP192014,48.0,2014,LO
EP192015,74.0,2015,TD
EP201983,29.0,1983,TD
EP201985,31.0,1985,TD
EP201988,26.0,1988,TD
EP201989,27.0,1989,TD
EP201990,41.0,1990,TD
EP201992,49.0,1992,TD
EP202006,30.0,2006,TD
EP202009,81.0,2009,TD
EP202014,37.0,2014,LO
EP202015,84.0,2015,TD
EP211983,50.0,1983,TD
EP211985,56.0,1985,TD
EP211989,67.0,1989,TD
EP211990,37.0,1990,TD
EP211992,49.0,1992,TD
EP212006,50.0,2006,TD
EP212014,55.0,2014,LO
EP212015,28.0,2015,LO
EP221985,45.0,1985,TD
EP221989,27.0,1989,TD
EP221990,41.0,1990,TD
EP221992,64.0,1992,TD
EP222015,65.0,2015,LO
EP231989,20.0,1989,TD
EP231990,76.0,1990,TD
EP231992,60.0,1992,TD
EP241989,26.0,1989,TD
EP241990,48.0,1990,TD
EP241992,59.0,1992,TD
EP251992,32.0,1992,TD
EP261992,40.0,1992,TD
EP271992,34.0,1992,TD
